,grams,name,name_id,prod,prod_err,true_amp,true_gamma,true_x0
0,126.71641984798555,Daniela,0.0,-1.9307264120381473,5.0,39.605459645805304,10.894468614011808,23.250234526945302
1,0.7078284286458847,Daniela,0.0,1.6654182833172029,5.0,39.605459645805304,10.894468614011808,23.250234526945302
2,18.235368117467132,Daniela,0.0,29.272610354848688,5.0,39.605459645805304,10.894468614011808,23.250234526945302
3,100.6123627090168,Daniela,0.0,2.6805136501061013,5.0,39.605459645805304,10.894468614011808,23.250234526945302
4,123.87791326575714,Daniela,0.0,5.895079826170539,5.0,39.605459645805304,10.894468614011808,23.250234526945302
5,20.505988452742947,Daniela,0.0,40.781362614866616,5.0,39.605459645805304,10.894468614011808,23.250234526945302
6,86.2639994140875,Daniela,0.0,7.972400083555407,5.0,39.605459645805304,10.894468614011808,23.250234526945302
7,133.6982931468396,Daniela,0.0,1.371091401899284,5.0,39.605459645805304,10.894468614011808,23.250234526945302
8,31.380318317578435,Daniela,0.0,8.050069561924172,5.0,39.605459645805304,10.894468614011808,23.250234526945302
9,27.79923293251126,Daniela,0.0,18.418352591943446,5.0,39.605459645805304,10.894468614011808,23.250234526945302
10,16.256533569638272,Daniela,0.0,13.424009332472345,5.0,39.605459645805304,10.894468614011808,23.250234526945302
11,32.954623893748824,Daniela,0.0,13.681489036966054,5.0,39.605459645805304,10.894468614011808,23.250234526945302
12,146.79356770610545,Daniela,0.0,-8.377394130820486,5.0,39.605459645805304,10.894468614011808,23.250234526945302
13,121.7524723633985,Daniela,0.0,5.876618765021693,5.0,39.605459645805304,10.894468614011808,23.250234526945302
14,25.79115190988913,Daniela,0.0,27.381196167407897,5.0,39.605459645805304,10.894468614011808,23.250234526945302
15,122.433712308876,Daniela,0.0,-2.4358585444521657,5.0,39.605459645805304,10.894468614011808,23.250234526945302
16,41.11106205625488,Daniela,0.0,-8.430977570174202,5.0,39.605459645805304,10.894468614011808,23.250234526945302
17,64.75562754946826,Daniela,0.0,1.1886031599016218,5.0,39.605459645805304,10.894468614011808,23.250234526945302
18,141.0044729433562,Daniela,0.0,8.778660467520504,5.0,39.605459645805304,10.894468614011808,23.250234526945302
19,122.6474068165091,Daniela,0.0,6.32797158903444,5.0,39.605459645805304,10.894468614011808,23.250234526945302
20,50.4167925181348,Daniela,0.0,2.1928653288281703,5.0,39.605459645805304,10.894468614011808,23.250234526945302
21,26.3115680613505,Daniela,0.0,32.987929147059624,5.0,39.605459645805304,10.894468614011808,23.250234526945302
22,55.92480694348848,Daniela,0.0,-6.808547527296361,5.0,39.605459645805304,10.894468614011808,23.250234526945302
23,0.8532761028860136,Daniela,0.0,-4.252045469783486,5.0,39.605459645805304,10.894468614011808,23.250234526945302
24,37.863953016726065,Daniela,0.0,1.5319284109778954,5.0,39.605459645805304,10.894468614011808,23.250234526945302
25,119.3493762709931,Daniela,0.0,-4.243178399353464,5.0,39.605459645805304,10.894468614011808,23.250234526945302
26,2.2882456869508516,Daniela,0.0,-0.9424358555541232,5.0,39.605459645805304,10.894468614011808,23.250234526945302
27,89.82650653927394,Daniela,0.0,-2.414026659316031,5.0,39.605459645805304,10.894468614011808,23.250234526945302
28,90.57068085642804,Daniela,0.0,7.897384767516384,5.0,39.605459645805304,10.894468614011808,23.250234526945302
29,15.772152811808448,Daniela,0.0,16.965806618963935,5.0,39.605459645805304,10.894468614011808,23.250234526945302
0,92.95328369988725,Mary Mohmed,,2.9166194990239065,5.0,47.6760743014633,6.629944203113725,25.68557884968191
1,68.8048334433141,Mary Mohmed,,0.6615607063244808,5.0,47.6760743014633,6.629944203113725,25.68557884968191
2,36.051880444036975,Mary Mohmed,,8.655954370413646,5.0,47.6760743014633,6.629944203113725,25.68557884968191
3,67.39310825932611,Mary Mohmed,,5.15295519172275,5.0,47.6760743014633,6.629944203113725,25.68557884968191
4,68.09888728319508,Mary Mohmed,,3.292971435673451,5.0,47.6760743014633,6.629944203113725,25.68557884968191
5,3.7926546353504396,Mary Mohmed,,2.872754697887764,5.0,47.6760743014633,6.629944203113725,25.68557884968191
6,127.48212236287218,Mary Mohmed,,4.091027800714911,5.0,47.6760743014633,6.629944203113725,25.68557884968191
7,74.44361902503236,Mary Mohmed,,-1.7945391509436706,5.0,47.6760743014633,6.629944203113725,25.68557884968191
8,80.42580599981761,Mary Mohmed,,-0.447506193447293,5.0,47.6760743014633,6.629944203113725,25.68557884968191
9,22.154892207168448,Mary Mohmed,,24.81947257544671,5.0,47.6760743014633,6.629944203113725,25.68557884968191
10,83.62657422328775,Mary Mohmed,,5.950229977803085,5.0,47.6760743014633,6.629944203113725,25.68557884968191
11,21.383646674776475,Mary Mohmed,,17.370464793386873,5.0,47.6760743014633,6.629944203113725,25.68557884968191
12,87.47590757858764,Mary Mohmed,,-3.641285761649223,5.0,47.6760743014633,6.629944203113725,25.68557884968191
13,66.01744512172603,Mary Mohmed,,-5.620829349057498,5.0,47.6760743014633,6.629944203113725,25.68557884968191
14,47.89314016646314,Mary Mohmed,,0.9045099393780238,5.0,47.6760743014633,6.629944203113725,25.68557884968191
15,13.921466757280465,Mary Mohmed,,-5.267586503743027,5.0,47.6760743014633,6.629944203113725,25.68557884968191
16,132.7314025049804,Mary Mohmed,,-5.0502998324997055,5.0,47.6760743014633,6.629944203113725,25.68557884968191
17,94.8304161652234,Mary Mohmed,,1.5084803715898327,5.0,47.6760743014633,6.629944203113725,25.68557884968191
18,118.52971541441754,Mary Mohmed,,3.267943160781146,5.0,47.6760743014633,6.629944203113725,25.68557884968191
19,69.3311272339246,Mary Mohmed,,6.556364689591093,5.0,47.6760743014633,6.629944203113725,25.68557884968191
20,42.63471000396968,Mary Mohmed,,-0.009922973485763098,5.0,47.6760743014633,6.629944203113725,25.68557884968191
21,73.17815266741499,Mary Mohmed,,1.3956220831200135,5.0,47.6760743014633,6.629944203113725,25.68557884968191
22,104.29601047403237,Mary Mohmed,,-0.42695121837103023,5.0,47.6760743014633,6.629944203113725,25.68557884968191
23,142.39662661011852,Mary Mohmed,,1.2303062115427923,5.0,47.6760743014633,6.629944203113725,25.68557884968191
24,141.4385428577229,Mary Mohmed,,-0.5703339967101048,5.0,47.6760743014633,6.629944203113725,25.68557884968191
25,140.54652637320766,Mary Mohmed,,3.0749475218808833,5.0,47.6760743014633,6.629944203113725,25.68557884968191
26,128.9997199018337,Mary Mohmed,,1.2265490301316968,5.0,47.6760743014633,6.629944203113725,25.68557884968191
27,142.465043300832,Mary Mohmed,,-0.09832130603336517,5.0,47.6760743014633,6.629944203113725,25.68557884968191
28,14.750272896192552,Mary Mohmed,,5.405243321552465,5.0,47.6760743014633,6.629944203113725,25.68557884968191
29,42.436809920199885,Mary Mohmed,,-3.007916664016161,5.0,47.6760743014633,6.629944203113725,25.68557884968191
0,145.66160387078142,John Sancho,,6.529733917767701,5.0,61.511900817368605,12.654758802848821,24.160715522650865
1,115.56553368845404,John Sancho,,1.0223881549492126,5.0,61.511900817368605,12.654758802848821,24.160715522650865
2,125.5409105737745,John Sancho,,-2.202501524034647,5.0,61.511900817368605,12.654758802848821,24.160715522650865
3,23.71838071647695,John Sancho,,48.271663346200626,5.0,61.511900817368605,12.654758802848821,24.160715522650865
4,92.63029529585275,John Sancho,,1.490263767308579,5.0,61.511900817368605,12.654758802848821,24.160715522650865
5,118.99607313661551,John Sancho,,0.42390335687713826,5.0,61.511900817368605,12.654758802848821,24.160715522650865
6,85.63302205048295,John Sancho,,-3.8522495440763858,5.0,61.511900817368605,12.654758802848821,24.160715522650865
7,30.59853223190851,John Sancho,,25.434452872342412,5.0,61.511900817368605,12.654758802848821,24.160715522650865
8,63.82362196474671,John Sancho,,2.159753787899103,5.0,61.511900817368605,12.654758802848821,24.160715522650865
9,134.82289697674278,John Sancho,,-5.057168034910949,5.0,61.511900817368605,12.654758802848821,24.160715522650865
10,74.14863058752387,John Sancho,,0.4764643998178709,5.0,61.511900817368605,12.654758802848821,24.160715522650865
11,67.90626836489712,John Sancho,,-0.9396070891372379,5.0,61.511900817368605,12.654758802848821,24.160715522650865
12,118.69420969215544,John Sancho,,-2.2027597859246315,5.0,61.511900817368605,12.654758802848821,24.160715522650865
13,117.10455941147748,John Sancho,,-1.7500271265043617,5.0,61.511900817368605,12.654758802848821,24.160715522650865
14,31.229966589259035,John Sancho,,28.548628648123305,5.0,61.511900817368605,12.654758802848821,24.160715522650865
15,32.26728151290924,John Sancho,,29.008650022154207,5.0,61.511900817368605,12.654758802848821,24.160715522650865
16,148.038414745896,John Sancho,,-6.45807136288241,5.0,61.511900817368605,12.654758802848821,24.160715522650865
17,117.68358424652493,John Sancho,,4.084067137990225,5.0,61.511900817368605,12.654758802848821,24.160715522650865
18,87.38808192979694,John Sancho,,7.415316623376229,5.0,61.511900817368605,12.654758802848821,24.160715522650865
19,8.551612108779876,John Sancho,,9.026462459226936,5.0,61.511900817368605,12.654758802848821,24.160715522650865
20,28.406336593641935,John Sancho,,44.59766780048757,5.0,61.511900817368605,12.654758802848821,24.160715522650865
21,35.91313648793237,John Sancho,,13.925654599211901,5.0,61.511900817368605,12.654758802848821,24.160715522650865
22,56.10909344784026,John Sancho,,3.290719262213483,5.0,61.511900817368605,12.654758802848821,24.160715522650865
23,21.830122510376153,John Sancho,,50.975822406423156,5.0,61.511900817368605,12.654758802848821,24.160715522650865
24,15.835226535668461,John Sancho,,14.471554175464608,5.0,61.511900817368605,12.654758802848821,24.160715522650865
25,117.00011961037085,John Sancho,,-2.9818480492389465,5.0,61.511900817368605,12.654758802848821,24.160715522650865
26,29.862730845417573,John Sancho,,28.14321648590101,5.0,61.511900817368605,12.654758802848821,24.160715522650865
27,57.64267256073958,John Sancho,,16.622209527954638,5.0,61.511900817368605,12.654758802848821,24.160715522650865
28,55.84483888716309,John Sancho,,4.0796601816688325,5.0,61.511900817368605,12.654758802848821,24.160715522650865
29,133.13122258267356,John Sancho,,1.6239676650584711,5.0,61.511900817368605,12.654758802848821,24.160715522650865
0,149.81418575277362,Catherine Alexander,,5.288675309864945,5.0,22.022215758367654,9.62039563277,25.9594320283308
1,95.90076486033846,Catherine Alexander,,-5.805848232719638,5.0,22.022215758367654,9.62039563277,25.9594320283308
2,122.27493604952473,Catherine Alexander,,-0.6452565860342548,5.0,22.022215758367654,9.62039563277,25.9594320283308
3,29.08606328213162,Catherine Alexander,,20.142108757714354,5.0,22.022215758367654,9.62039563277,25.9594320283308
4,130.41054029204446,Catherine Alexander,,-4.115448486727433,5.0,22.022215758367654,9.62039563277,25.9594320283308
5,93.20828088945746,Catherine Alexander,,-7.652761978506075,5.0,22.022215758367654,9.62039563277,25.9594320283308
6,0.5193480709187404,Catherine Alexander,,-2.54159868933939,5.0,22.022215758367654,9.62039563277,25.9594320283308
7,90.36580237066771,Catherine Alexander,,10.423198363746268,5.0,22.022215758367654,9.62039563277,25.9594320283308
8,138.78287672471313,Catherine Alexander,,7.459649122899866,5.0,22.022215758367654,9.62039563277,25.9594320283308
9,82.01215335473636,Catherine Alexander,,1.5704893610516106,5.0,22.022215758367654,9.62039563277,25.9594320283308
10,7.693419320351547,Catherine Alexander,,-2.4179406560186023,5.0,22.022215758367654,9.62039563277,25.9594320283308
11,139.95602864175888,Catherine Alexander,,-3.228432369211506,5.0,22.022215758367654,9.62039563277,25.9594320283308
12,18.750765621843392,Catherine Alexander,,0.4633193412974679,5.0,22.022215758367654,9.62039563277,25.9594320283308
13,85.10307530312754,Catherine Alexander,,-4.46446498487806,5.0,22.022215758367654,9.62039563277,25.9594320283308
14,65.46156207044291,Catherine Alexander,,-1.2555677527133486,5.0,22.022215758367654,9.62039563277,25.9594320283308
15,56.54959515597981,Catherine Alexander,,3.1700576470620505,5.0,22.022215758367654,9.62039563277,25.9594320283308
16,108.45440146202873,Catherine Alexander,,2.455515195594902,5.0,22.022215758367654,9.62039563277,25.9594320283308
17,70.07127916817944,Catherine Alexander,,-0.8866856432232131,5.0,22.022215758367654,9.62039563277,25.9594320283308
18,134.0847871425006,Catherine Alexander,,1.6608092510359447,5.0,22.022215758367654,9.62039563277,25.9594320283308
19,40.66371851735417,Catherine Alexander,,2.1467804132927837,5.0,22.022215758367654,9.62039563277,25.9594320283308
20,35.46449685464008,Catherine Alexander,,-0.7581171874452153,5.0,22.022215758367654,9.62039563277,25.9594320283308
21,30.97199369109059,Catherine Alexander,,6.5326214238547315,5.0,22.022215758367654,9.62039563277,25.9594320283308
22,139.19006529840163,Catherine Alexander,,-1.714374437080116,5.0,22.022215758367654,9.62039563277,25.9594320283308
23,39.863591502583056,Catherine Alexander,,-0.6141575412246176,5.0,22.022215758367654,9.62039563277,25.9594320283308
24,85.72306272950401,Catherine Alexander,,8.106276330386601,5.0,22.022215758367654,9.62039563277,25.9594320283308
25,7.296845020917441,Catherine Alexander,,-1.4089286713486364,5.0,22.022215758367654,9.62039563277,25.9594320283308
26,62.749485698724214,Catherine Alexander,,1.6489975679622733,5.0,22.022215758367654,9.62039563277,25.9594320283308
27,116.35963933908435,Catherine Alexander,,6.0170414188255865,5.0,22.022215758367654,9.62039563277,25.9594320283308
28,64.20198210319083,Catherine Alexander,,-1.5141046388239694,5.0,22.022215758367654,9.62039563277,25.9594320283308
29,54.15160754411945,Catherine Alexander,,-4.592162224482201,5.0,22.022215758367654,9.62039563277,25.9594320283308
0,31.923721585892373,Paul Longie,,39.80357586906103,5.0,78.0819228860768,12.960351971375017,24.586514934320718
1,26.626044766056967,Paul Longie,,76.01399038462272,5.0,78.0819228860768,12.960351971375017,24.586514934320718
2,99.47768160447055,Paul Longie,,-7.667808957029413,5.0,78.0819228860768,12.960351971375017,24.586514934320718
3,31.899924370066486,Paul Longie,,38.38445440326359,5.0,78.0819228860768,12.960351971375017,24.586514934320718
4,56.44950979690346,Paul Longie,,11.695056250033279,5.0,78.0819228860768,12.960351971375017,24.586514934320718
5,74.25831810057292,Paul Longie,,4.612335693148179,5.0,78.0819228860768,12.960351971375017,24.586514934320718
6,145.2509106508326,Paul Longie,,0.7985447087298524,5.0,78.0819228860768,12.960351971375017,24.586514934320718
7,105.12565735415389,Paul Longie,,-5.225463962773928,5.0,78.0819228860768,12.960351971375017,24.586514934320718
8,140.70086328521023,Paul Longie,,7.037032297631509,5.0,78.0819228860768,12.960351971375017,24.586514934320718
9,102.81588320777291,Paul Longie,,2.47879979709411,5.0,78.0819228860768,12.960351971375017,24.586514934320718
10,35.3487343740395,Paul Longie,,26.80403129985555,5.0,78.0819228860768,12.960351971375017,24.586514934320718
11,54.12571674053694,Paul Longie,,1.972266461978978,5.0,78.0819228860768,12.960351971375017,24.586514934320718
12,104.95158834841199,Paul Longie,,8.00830722759037,5.0,78.0819228860768,12.960351971375017,24.586514934320718
13,52.363017719316744,Paul Longie,,3.2180257897038196,5.0,78.0819228860768,12.960351971375017,24.586514934320718
14,33.205547474632304,Paul Longie,,34.46795049689229,5.0,78.0819228860768,12.960351971375017,24.586514934320718
15,75.0059519991694,Paul Longie,,-1.1726597994905752,5.0,78.0819228860768,12.960351971375017,24.586514934320718
16,14.282516597810318,Paul Longie,,26.445094974713598,5.0,78.0819228860768,12.960351971375017,24.586514934320718
17,119.05515537887948,Paul Longie,,-6.890673708659719,5.0,78.0819228860768,12.960351971375017,24.586514934320718
18,58.716395866990354,Paul Longie,,12.122649383429598,5.0,78.0819228860768,12.960351971375017,24.586514934320718
19,139.0340644509835,Paul Longie,,5.691984496036559,5.0,78.0819228860768,12.960351971375017,24.586514934320718
20,21.717050296104485,Paul Longie,,70.30533381155195,5.0,78.0819228860768,12.960351971375017,24.586514934320718
21,26.623535911882023,Paul Longie,,70.24121212341642,5.0,78.0819228860768,12.960351971375017,24.586514934320718
22,5.221008095386709,Paul Longie,,10.044818229071648,5.0,78.0819228860768,12.960351971375017,24.586514934320718
23,31.498219192498418,Paul Longie,,31.277721612967326,5.0,78.0819228860768,12.960351971375017,24.586514934320718
24,5.013237890949024,Paul Longie,,12.743520463002854,5.0,78.0819228860768,12.960351971375017,24.586514934320718
25,24.201711715857805,Paul Longie,,74.47618135314751,5.0,78.0819228860768,12.960351971375017,24.586514934320718
26,11.512713942952967,Paul Longie,,25.17503016328408,5.0,78.0819228860768,12.960351971375017,24.586514934320718
27,28.894321004570283,Paul Longie,,57.09152834581685,5.0,78.0819228860768,12.960351971375017,24.586514934320718
28,19.573671939192334,Paul Longie,,52.60221557279393,5.0,78.0819228860768,12.960351971375017,24.586514934320718
29,4.051592421349371,Paul Longie,,8.503732631168296,5.0,78.0819228860768,12.960351971375017,24.586514934320718
0,5.996659596703685,Charles Janski,,3.772537849009236,5.0,94.00588300661529,9.011899577702195,25.129693508902488
1,0.6972035610621763,Charles Janski,,6.02758331768422,5.0,94.00588300661529,9.011899577702195,25.129693508902488
2,75.79794801272591,Charles Janski,,1.9155990481502556,5.0,94.00588300661529,9.011899577702195,25.129693508902488
3,106.30154033332578,Charles Janski,,-0.5553462890792888,5.0,94.00588300661529,9.011899577702195,25.129693508902488
4,137.36593813953104,Charles Janski,,5.543328247649889,5.0,94.00588300661529,9.011899577702195,25.129693508902488
5,18.468159186754562,Charles Janski,,27.958879143341942,5.0,94.00588300661529,9.011899577702195,25.129693508902488
6,107.01493530465204,Charles Janski,,-0.5445275069832467,5.0,94.00588300661529,9.011899577702195,25.129693508902488
7,69.66695166097058,Charles Janski,,10.647448527885333,5.0,94.00588300661529,9.011899577702195,25.129693508902488
8,60.21523648183866,Charles Janski,,-2.835275263822518,5.0,94.00588300661529,9.011899577702195,25.129693508902488
9,34.669637074077016,Charles Janski,,16.213167991224807,5.0,94.00588300661529,9.011899577702195,25.129693508902488
10,16.22983667139282,Charles Janski,,23.412371379190017,5.0,94.00588300661529,9.011899577702195,25.129693508902488
11,45.372424558897464,Charles Janski,,-2.6571051850313463,5.0,94.00588300661529,9.011899577702195,25.129693508902488
12,9.874563375176415,Charles Janski,,4.5338857028118325,5.0,94.00588300661529,9.011899577702195,25.129693508902488
13,145.93922603497367,Charles Janski,,-5.6034484079345726,5.0,94.00588300661529,9.011899577702195,25.129693508902488
14,11.178910342919185,Charles Janski,,2.498177209096303,5.0,94.00588300661529,9.011899577702195,25.129693508902488
15,104.8328451829947,Charles Janski,,5.093070533984323,5.0,94.00588300661529,9.011899577702195,25.129693508902488
16,73.75901302593414,Charles Janski,,-5.29126393629528,5.0,94.00588300661529,9.011899577702195,25.129693508902488
17,115.00633480927986,Charles Janski,,-6.369302144127018,5.0,94.00588300661529,9.011899577702195,25.129693508902488
18,69.53459913729196,Charles Janski,,-3.6092593507146145,5.0,94.00588300661529,9.011899577702195,25.129693508902488
19,67.0184504618847,Charles Janski,,7.547553237521208,5.0,94.00588300661529,9.011899577702195,25.129693508902488
20,40.17339430258464,Charles Janski,,7.286104306186479,5.0,94.00588300661529,9.011899577702195,25.129693508902488
21,37.294283796477366,Charles Janski,,10.56851888444232,5.0,94.00588300661529,9.011899577702195,25.129693508902488
22,96.75790015456522,Charles Janski,,9.140785026116182,5.0,94.00588300661529,9.011899577702195,25.129693508902488
23,7.018810696250977,Charles Janski,,9.403869487630558,5.0,94.00588300661529,9.011899577702195,25.129693508902488
24,142.3961673873012,Charles Janski,,-3.254158394719479,5.0,94.00588300661529,9.011899577702195,25.129693508902488
25,115.2841975057235,Charles Janski,,-0.20520536157711466,5.0,94.00588300661529,9.011899577702195,25.129693508902488
26,11.633244204611703,Charles Janski,,10.503514419071367,5.0,94.00588300661529,9.011899577702195,25.129693508902488
27,117.11286627608834,Charles Janski,,2.630227460456895,5.0,94.00588300661529,9.011899577702195,25.129693508902488
28,86.54757348012431,Charles Janski,,5.384874763690622,5.0,94.00588300661529,9.011899577702195,25.129693508902488
29,44.65528908603046,Charles Janski,,5.089913766865714,5.0,94.00588300661529,9.011899577702195,25.129693508902488
0,29.52750424362255,Gary Rodriguez,,25.210750532651637,5.0,31.181439537245755,8.119253672622802,26.430024767444383
1,148.18099366383535,Gary Rodriguez,,1.1221622728966263,5.0,31.181439537245755,8.119253672622802,26.430024767444383
2,15.749499622255842,Gary Rodriguez,,5.339875550383974,5.0,31.181439537245755,8.119253672622802,26.430024767444383
3,11.63465499486041,Gary Rodriguez,,-2.505132536481418,5.0,31.181439537245755,8.119253672622802,26.430024767444383
4,7.4255946780439235,Gary Rodriguez,,13.649058415165298,5.0,31.181439537245755,8.119253672622802,26.430024767444383
5,145.45424085843203,Gary Rodriguez,,4.9018925055297515,5.0,31.181439537245755,8.119253672622802,26.430024767444383
6,92.25987055488393,Gary Rodriguez,,-2.517855683330304,5.0,31.181439537245755,8.119253672622802,26.430024767444383
7,148.2704459844261,Gary Rodriguez,,-1.6722826103291824,5.0,31.181439537245755,8.119253672622802,26.430024767444383
8,102.89140543309885,Gary Rodriguez,,4.237145941956193,5.0,31.181439537245755,8.119253672622802,26.430024767444383
9,58.590655026503995,Gary Rodriguez,,-0.9574913008867008,5.0,31.181439537245755,8.119253672622802,26.430024767444383
10,59.99398113981025,Gary Rodriguez,,2.037358247308107,5.0,31.181439537245755,8.119253672622802,26.430024767444383
11,108.26336159777796,Gary Rodriguez,,5.679342250478352,5.0,31.181439537245755,8.119253672622802,26.430024767444383
12,51.82677272348607,Gary Rodriguez,,9.314774433038378,5.0,31.181439537245755,8.119253672622802,26.430024767444383
13,67.61523861916837,Gary Rodriguez,,-0.9579430218193108,5.0,31.181439537245755,8.119253672622802,26.430024767444383
14,50.85801214708036,Gary Rodriguez,,8.024611755947362,5.0,31.181439537245755,8.119253672622802,26.430024767444383
15,9.861335663929605,Gary Rodriguez,,0.022820389666695418,5.0,31.181439537245755,8.119253672622802,26.430024767444383
16,80.4473691814602,Gary Rodriguez,,6.02476077842242,5.0,31.181439537245755,8.119253672622802,26.430024767444383
17,13.620178621151085,Gary Rodriguez,,3.7299568403286187,5.0,31.181439537245755,8.119253672622802,26.430024767444383
18,27.189326255550224,Gary Rodriguez,,33.04201419151699,5.0,31.181439537245755,8.119253672622802,26.430024767444383
19,32.81266350820846,Gary Rodriguez,,17.101910037193385,5.0,31.181439537245755,8.119253672622802,26.430024767444383
20,133.8485234937312,Gary Rodriguez,,-0.4140756753224646,5.0,31.181439537245755,8.119253672622802,26.430024767444383
21,141.97318765596833,Gary Rodriguez,,3.931631305690626,5.0,31.181439537245755,8.119253672622802,26.430024767444383
22,0.5203343568293495,Gary Rodriguez,,1.2118548192739849,5.0,31.181439537245755,8.119253672622802,26.430024767444383
23,25.851811673683006,Gary Rodriguez,,25.19840525466941,5.0,31.181439537245755,8.119253672622802,26.430024767444383
24,15.93571244347859,Gary Rodriguez,,-2.4134393751498573,5.0,31.181439537245755,8.119253672622802,26.430024767444383
25,28.421947234392647,Gary Rodriguez,,23.688467425336295,5.0,31.181439537245755,8.119253672622802,26.430024767444383
26,142.0625762547112,Gary Rodriguez,,6.7250907769570345,5.0,31.181439537245755,8.119253672622802,26.430024767444383
27,25.649058790344025,Gary Rodriguez,,25.622887531418254,5.0,31.181439537245755,8.119253672622802,26.430024767444383
28,61.38962468952975,Gary Rodriguez,,-2.653304992068366,5.0,31.181439537245755,8.119253672622802,26.430024767444383
29,88.72563456527728,Gary Rodriguez,,0.513837650384791,5.0,31.181439537245755,8.119253672622802,26.430024767444383
0,114.42738693691729,Donna Mears,,-2.6673532898161185,5.0,26.507786385277846,10.585370973826809,25.565332495379252
1,134.58108801745064,Donna Mears,,-8.626036151318463,5.0,26.507786385277846,10.585370973826809,25.565332495379252
2,16.257915531407292,Donna Mears,,2.058831023740545,5.0,26.507786385277846,10.585370973826809,25.565332495379252
3,117.94382962231283,Donna Mears,,-6.9693389950638975,5.0,26.507786385277846,10.585370973826809,25.565332495379252
4,69.94891033544764,Donna Mears,,-1.4396252923770985,5.0,26.507786385277846,10.585370973826809,25.565332495379252
5,21.806744865504495,Donna Mears,,19.826240406127894,5.0,26.507786385277846,10.585370973826809,25.565332495379252
6,26.447071011173755,Donna Mears,,26.045323828934613,5.0,26.507786385277846,10.585370973826809,25.565332495379252
7,132.20226193839568,Donna Mears,,-6.221528037648213,5.0,26.507786385277846,10.585370973826809,25.565332495379252
8,33.74888291407429,Donna Mears,,4.692316866040789,5.0,26.507786385277846,10.585370973826809,25.565332495379252
9,111.37490369753351,Donna Mears,,-6.137137255639355,5.0,26.507786385277846,10.585370973826809,25.565332495379252
10,97.62532327983023,Donna Mears,,-4.322798197125634,5.0,26.507786385277846,10.585370973826809,25.565332495379252
11,107.36618827381601,Donna Mears,,10.717336807319745,5.0,26.507786385277846,10.585370973826809,25.565332495379252
12,17.507371339996553,Donna Mears,,5.211635224212895,5.0,26.507786385277846,10.585370973826809,25.565332495379252
13,30.512689814640076,Donna Mears,,8.431213798041735,5.0,26.507786385277846,10.585370973826809,25.565332495379252
14,149.5334589077757,Donna Mears,,2.031617662139002,5.0,26.507786385277846,10.585370973826809,25.565332495379252
15,127.76285834680657,Donna Mears,,-1.3237176096135566,5.0,26.507786385277846,10.585370973826809,25.565332495379252
16,68.91479342350624,Donna Mears,,12.180595352396118,5.0,26.507786385277846,10.585370973826809,25.565332495379252
17,8.924904387587912,Donna Mears,,-2.0338446760329494,5.0,26.507786385277846,10.585370973826809,25.565332495379252
18,15.336090760203769,Donna Mears,,1.8146726120175711,5.0,26.507786385277846,10.585370973826809,25.565332495379252
19,110.58641085207397,Donna Mears,,4.543292748292107,5.0,26.507786385277846,10.585370973826809,25.565332495379252
20,76.65548924094524,Donna Mears,,-0.47238337847311473,5.0,26.507786385277846,10.585370973826809,25.565332495379252
21,52.25440337126497,Donna Mears,,3.2164071457958525,5.0,26.507786385277846,10.585370973826809,25.565332495379252
22,71.56726433228107,Donna Mears,,-1.0036007610167101,5.0,26.507786385277846,10.585370973826809,25.565332495379252
23,76.746249557087,Donna Mears,,-4.42777550161835,5.0,26.507786385277846,10.585370973826809,25.565332495379252
24,121.54135011212742,Donna Mears,,-5.265569629254594,5.0,26.507786385277846,10.585370973826809,25.565332495379252
25,138.44043651452114,Donna Mears,,1.1150552646214245,5.0,26.507786385277846,10.585370973826809,25.565332495379252
26,89.70742876405889,Donna Mears,,5.021726518453396,5.0,26.507786385277846,10.585370973826809,25.565332495379252
27,26.52354473226316,Donna Mears,,22.849462239175224,5.0,26.507786385277846,10.585370973826809,25.565332495379252
28,23.29284405119668,Donna Mears,,24.689512016609896,5.0,26.507786385277846,10.585370973826809,25.565332495379252
29,2.5445597576336243,Donna Mears,,-3.4473530132681756,5.0,26.507786385277846,10.585370973826809,25.565332495379252
0,70.47379019671405,Eric Starnes,,5.0535557578730845,5.0,28.91303103498734,7.915675434167006,25.34015571568828
1,130.3720555646917,Eric Starnes,,4.582654321640433,5.0,28.91303103498734,7.915675434167006,25.34015571568828
2,67.49611442102383,Eric Starnes,,-10.92504473399427,5.0,28.91303103498734,7.915675434167006,25.34015571568828
3,45.279104072290906,Eric Starnes,,8.600278845680034,5.0,28.91303103498734,7.915675434167006,25.34015571568828
4,48.67062894219288,Eric Starnes,,0.05364298533358336,5.0,28.91303103498734,7.915675434167006,25.34015571568828
5,113.79831257234552,Eric Starnes,,8.01982838718208,5.0,28.91303103498734,7.915675434167006,25.34015571568828
6,21.605158636618793,Eric Starnes,,22.038269506808845,5.0,28.91303103498734,7.915675434167006,25.34015571568828
7,134.17769522894162,Eric Starnes,,6.186506956661989,5.0,28.91303103498734,7.915675434167006,25.34015571568828
8,47.416917127940536,Eric Starnes,,-3.4481115115830057,5.0,28.91303103498734,7.915675434167006,25.34015571568828
9,34.85407108712682,Eric Starnes,,4.5728580045772835,5.0,28.91303103498734,7.915675434167006,25.34015571568828
10,46.76484670079112,Eric Starnes,,-8.935861774589803,5.0,28.91303103498734,7.915675434167006,25.34015571568828
11,73.68771812451551,Eric Starnes,,6.390800049285074,5.0,28.91303103498734,7.915675434167006,25.34015571568828
12,3.2840166291416617,Eric Starnes,,-2.296261831019201,5.0,28.91303103498734,7.915675434167006,25.34015571568828
13,66.19961636840097,Eric Starnes,,1.470900320067851,5.0,28.91303103498734,7.915675434167006,25.34015571568828
14,114.09910568442788,Eric Starnes,,-0.404690979002548,5.0,28.91303103498734,7.915675434167006,25.34015571568828
15,17.677978943334345,Eric Starnes,,11.973732613351487,5.0,28.91303103498734,7.915675434167006,25.34015571568828
16,92.40022179660934,Eric Starnes,,7.266924472741504,5.0,28.91303103498734,7.915675434167006,25.34015571568828
17,93.81786609749823,Eric Starnes,,-3.936451101468945,5.0,28.91303103498734,7.915675434167006,25.34015571568828
18,56.34088216104738,Eric Starnes,,1.1971642410019085,5.0,28.91303103498734,7.915675434167006,25.34015571568828
19,10.790621271521971,Eric Starnes,,13.634671386135071,5.0,28.91303103498734,7.915675434167006,25.34015571568828
20,59.49612358883475,Eric Starnes,,5.478354452522767,5.0,28.91303103498734,7.915675434167006,25.34015571568828
21,9.183116116951545,Eric Starnes,,2.5108046820342937,5.0,28.91303103498734,7.915675434167006,25.34015571568828
22,133.18458128404842,Eric Starnes,,3.651597193330495,5.0,28.91303103498734,7.915675434167006,25.34015571568828
23,108.96183697937867,Eric Starnes,,-0.04226392679893172,5.0,28.91303103498734,7.915675434167006,25.34015571568828
24,44.81403818868284,Eric Starnes,,-3.6564030977395054,5.0,28.91303103498734,7.915675434167006,25.34015571568828
25,127.55865350980807,Eric Starnes,,-11.339113975468052,5.0,28.91303103498734,7.915675434167006,25.34015571568828
26,2.714311709238065,Eric Starnes,,0.7440200150311169,5.0,28.91303103498734,7.915675434167006,25.34015571568828
27,109.18999787555869,Eric Starnes,,-6.428140272961606,5.0,28.91303103498734,7.915675434167006,25.34015571568828
28,40.99533591017227,Eric Starnes,,-3.7283924430404918,5.0,28.91303103498734,7.915675434167006,25.34015571568828
29,110.27013328560791,Eric Starnes,,-0.8751554605789991,5.0,28.91303103498734,7.915675434167006,25.34015571568828
0,90.3118571567709,Linda Laduke,,-0.5668008757309057,5.0,44.481460997337436,7.501095049871185,26.46924822951379
1,36.62774165503787,Linda Laduke,,6.193201568238784,5.0,44.481460997337436,7.501095049871185,26.46924822951379
2,74.21220920612932,Linda Laduke,,3.54386640261909,5.0,44.481460997337436,7.501095049871185,26.46924822951379
3,106.58106221264096,Linda Laduke,,-5.657006040978307,5.0,44.481460997337436,7.501095049871185,26.46924822951379
4,67.70885716353001,Linda Laduke,,1.955571650751188,5.0,44.481460997337436,7.501095049871185,26.46924822951379
5,7.055648947151222,Linda Laduke,,2.813312194815644,5.0,44.481460997337436,7.501095049871185,26.46924822951379
6,79.64665751908393,Linda Laduke,,2.251246473075397,5.0,44.481460997337436,7.501095049871185,26.46924822951379
7,82.95868565989154,Linda Laduke,,-1.6596637093266533,5.0,44.481460997337436,7.501095049871185,26.46924822951379
8,17.165244650495588,Linda Laduke,,-3.4884735616248417,5.0,44.481460997337436,7.501095049871185,26.46924822951379
9,36.821136426955334,Linda Laduke,,4.629481753336783,5.0,44.481460997337436,7.501095049871185,26.46924822951379
10,125.50528488949908,Linda Laduke,,-1.5060081559591196,5.0,44.481460997337436,7.501095049871185,26.46924822951379
11,135.8692591698131,Linda Laduke,,7.739859926043857,5.0,44.481460997337436,7.501095049871185,26.46924822951379
12,37.734856561207444,Linda Laduke,,9.284483147825085,5.0,44.481460997337436,7.501095049871185,26.46924822951379
13,30.39831028560929,Linda Laduke,,18.66612853602366,5.0,44.481460997337436,7.501095049871185,26.46924822951379
14,94.9968977261389,Linda Laduke,,-0.6930513959008775,5.0,44.481460997337436,7.501095049871185,26.46924822951379
15,3.605871702489194,Linda Laduke,,5.280045235609592,5.0,44.481460997337436,7.501095049871185,26.46924822951379
16,107.41699879169536,Linda Laduke,,4.637383474196597,5.0,44.481460997337436,7.501095049871185,26.46924822951379
17,134.70526273393946,Linda Laduke,,-5.326537919049544,5.0,44.481460997337436,7.501095049871185,26.46924822951379
18,26.28993874867742,Linda Laduke,,50.37253891220521,5.0,44.481460997337436,7.501095049871185,26.46924822951379
19,78.21767972949571,Linda Laduke,,-9.776425916323406,5.0,44.481460997337436,7.501095049871185,26.46924822951379
20,32.99367279134212,Linda Laduke,,8.18397017638268,5.0,44.481460997337436,7.501095049871185,26.46924822951379
21,128.9384004394767,Linda Laduke,,1.2656980394506459,5.0,44.481460997337436,7.501095049871185,26.46924822951379
22,88.10383943310985,Linda Laduke,,0.7297583976093293,5.0,44.481460997337436,7.501095049871185,26.46924822951379
23,52.88864295698403,Linda Laduke,,-0.9699072676608508,5.0,44.481460997337436,7.501095049871185,26.46924822951379
24,70.46858858944596,Linda Laduke,,-6.605204053660829,5.0,44.481460997337436,7.501095049871185,26.46924822951379
25,41.45588227422081,Linda Laduke,,7.398727349824226,5.0,44.481460997337436,7.501095049871185,26.46924822951379
26,22.18056813229723,Linda Laduke,,28.58907712720768,5.0,44.481460997337436,7.501095049871185,26.46924822951379
27,50.58388595906607,Linda Laduke,,-5.497274440938002,5.0,44.481460997337436,7.501095049871185,26.46924822951379
28,32.04401400321228,Linda Laduke,,20.902788408511064,5.0,44.481460997337436,7.501095049871185,26.46924822951379
29,123.296716942409,Linda Laduke,,5.307946771638662,5.0,44.481460997337436,7.501095049871185,26.46924822951379
0,127.75903351201676,Claude Pontius,,4.4795388032107315,5.0,20.61049157619294,8.15432480713574,24.981123489404677
1,5.946883681161347,Claude Pontius,,-0.23371284535161907,5.0,20.61049157619294,8.15432480713574,24.981123489404677
2,82.12168583757389,Claude Pontius,,-5.608901519385851,5.0,20.61049157619294,8.15432480713574,24.981123489404677
3,10.64987916201604,Claude Pontius,,-0.059476906568730836,5.0,20.61049157619294,8.15432480713574,24.981123489404677
4,51.89274956711942,Claude Pontius,,-6.707839550222798,5.0,20.61049157619294,8.15432480713574,24.981123489404677
5,75.63870615511942,Claude Pontius,,-4.603800348936301,5.0,20.61049157619294,8.15432480713574,24.981123489404677
6,27.770093431927652,Claude Pontius,,12.390676622198098,5.0,20.61049157619294,8.15432480713574,24.981123489404677
7,30.357564931781607,Claude Pontius,,4.967491323749741,5.0,20.61049157619294,8.15432480713574,24.981123489404677
8,148.45493574942762,Claude Pontius,,2.531541391522954,5.0,20.61049157619294,8.15432480713574,24.981123489404677
9,119.60581212260351,Claude Pontius,,5.022883455139416,5.0,20.61049157619294,8.15432480713574,24.981123489404677
10,84.68944096134533,Claude Pontius,,2.9729523539064724,5.0,20.61049157619294,8.15432480713574,24.981123489404677
11,110.3325410381304,Claude Pontius,,6.206862004649781,5.0,20.61049157619294,8.15432480713574,24.981123489404677
12,94.80577155319672,Claude Pontius,,0.8329719269107633,5.0,20.61049157619294,8.15432480713574,24.981123489404677
13,50.06705958287843,Claude Pontius,,-3.203057076079353,5.0,20.61049157619294,8.15432480713574,24.981123489404677
14,55.661521270210585,Claude Pontius,,3.6221820334462116,5.0,20.61049157619294,8.15432480713574,24.981123489404677
15,101.62367812439344,Claude Pontius,,2.602949210345153,5.0,20.61049157619294,8.15432480713574,24.981123489404677
16,54.938566906535016,Claude Pontius,,4.824661221607099,5.0,20.61049157619294,8.15432480713574,24.981123489404677
17,25.025740971514388,Claude Pontius,,23.323393359102724,5.0,20.61049157619294,8.15432480713574,24.981123489404677
18,94.49035285919403,Claude Pontius,,-0.9514729677945419,5.0,20.61049157619294,8.15432480713574,24.981123489404677
19,74.91314211075435,Claude Pontius,,-11.793721571764731,5.0,20.61049157619294,8.15432480713574,24.981123489404677
20,41.14424111352509,Claude Pontius,,8.96940919091282,5.0,20.61049157619294,8.15432480713574,24.981123489404677
21,60.650855344252825,Claude Pontius,,-4.707482913671922,5.0,20.61049157619294,8.15432480713574,24.981123489404677
22,43.64811805810092,Claude Pontius,,-1.5446299712174438,5.0,20.61049157619294,8.15432480713574,24.981123489404677
23,5.336759446709921,Claude Pontius,,1.4794850152747154,5.0,20.61049157619294,8.15432480713574,24.981123489404677
24,36.28792814453916,Claude Pontius,,4.319865144986788,5.0,20.61049157619294,8.15432480713574,24.981123489404677
25,52.52747478589144,Claude Pontius,,-0.6979808640048941,5.0,20.61049157619294,8.15432480713574,24.981123489404677
26,125.76874915624023,Claude Pontius,,-3.9872353787705523,5.0,20.61049157619294,8.15432480713574,24.981123489404677
27,63.69364340402038,Claude Pontius,,2.9978300360195345,5.0,20.61049157619294,8.15432480713574,24.981123489404677
28,86.38467335450714,Claude Pontius,,-0.021158841822509947,5.0,20.61049157619294,8.15432480713574,24.981123489404677
29,37.434170241031936,Claude Pontius,,-2.8540713896364904,5.0,20.61049157619294,8.15432480713574,24.981123489404677
0,105.17247072061171,Julia Mitchell,,-4.017244036095299,5.0,86.7564348055993,8.188172489090428,24.42863038642775
1,62.81164205825298,Julia Mitchell,,-2.131155784565445,5.0,86.7564348055993,8.188172489090428,24.42863038642775
2,128.8505568200328,Julia Mitchell,,0.8220789841932439,5.0,86.7564348055993,8.188172489090428,24.42863038642775
3,81.70820089555322,Julia Mitchell,,-1.9884787071785186,5.0,86.7564348055993,8.188172489090428,24.42863038642775
4,116.1986391233879,Julia Mitchell,,-4.750625701529838,5.0,86.7564348055993,8.188172489090428,24.42863038642775
5,128.16806455990093,Julia Mitchell,,-4.071971345899435,5.0,86.7564348055993,8.188172489090428,24.42863038642775
6,141.7648829171107,Julia Mitchell,,-0.14611323349993188,5.0,86.7564348055993,8.188172489090428,24.42863038642775
7,125.14931516932499,Julia Mitchell,,2.877783602511464,5.0,86.7564348055993,8.188172489090428,24.42863038642775
8,37.89072026506635,Julia Mitchell,,4.55972841127755,5.0,86.7564348055993,8.188172489090428,24.42863038642775
9,12.717201538203222,Julia Mitchell,,12.589859946940951,5.0,86.7564348055993,8.188172489090428,24.42863038642775
10,60.76287957757944,Julia Mitchell,,2.5630479022625745,5.0,86.7564348055993,8.188172489090428,24.42863038642775
11,8.001613588533857,Julia Mitchell,,-0.37324243349796227,5.0,86.7564348055993,8.188172489090428,24.42863038642775
12,26.625856372232576,Julia Mitchell,,62.84756421331556,5.0,86.7564348055993,8.188172489090428,24.42863038642775
13,16.404116207827396,Julia Mitchell,,33.12367981648391,5.0,86.7564348055993,8.188172489090428,24.42863038642775
14,85.67729866338432,Julia Mitchell,,1.6813084316645364,5.0,86.7564348055993,8.188172489090428,24.42863038642775
15,18.69906189346004,Julia Mitchell,,22.54621562338219,5.0,86.7564348055993,8.188172489090428,24.42863038642775
16,115.61289424718227,Julia Mitchell,,2.489762329432461,5.0,86.7564348055993,8.188172489090428,24.42863038642775
17,36.667691856439944,Julia Mitchell,,11.015881197801548,5.0,86.7564348055993,8.188172489090428,24.42863038642775
18,4.440361519746966,Julia Mitchell,,5.986239221602506,5.0,86.7564348055993,8.188172489090428,24.42863038642775
19,73.703949544596,Julia Mitchell,,3.7889325467446078,5.0,86.7564348055993,8.188172489090428,24.42863038642775
20,133.00649701550998,Julia Mitchell,,-1.135735133704796,5.0,86.7564348055993,8.188172489090428,24.42863038642775
21,146.58742321761812,Julia Mitchell,,6.597557366470859,5.0,86.7564348055993,8.188172489090428,24.42863038642775
22,127.87595809607208,Julia Mitchell,,-3.143649210521835,5.0,86.7564348055993,8.188172489090428,24.42863038642775
23,125.5807876603052,Julia Mitchell,,-3.915390118311819,5.0,86.7564348055993,8.188172489090428,24.42863038642775
24,75.19388453393316,Julia Mitchell,,5.4352002825538595,5.0,86.7564348055993,8.188172489090428,24.42863038642775
25,42.63799356074872,Julia Mitchell,,-0.6067450140100865,5.0,86.7564348055993,8.188172489090428,24.42863038642775
26,60.697634879974785,Julia Mitchell,,-2.008766052720815,5.0,86.7564348055993,8.188172489090428,24.42863038642775
27,11.840549659964655,Julia Mitchell,,5.907861281196972,5.0,86.7564348055993,8.188172489090428,24.42863038642775
28,124.94081351354092,Julia Mitchell,,-4.072500545546423,5.0,86.7564348055993,8.188172489090428,24.42863038642775
29,42.72285696056278,Julia Mitchell,,2.0616005010049605,5.0,86.7564348055993,8.188172489090428,24.42863038642775
0,98.14144858043652,Darrel Oathout,,5.453419992703449,5.0,37.72562462187575,7.599960506420216,25.044711794736223
1,42.87195470997461,Darrel Oathout,,-0.2514691100680071,5.0,37.72562462187575,7.599960506420216,25.044711794736223
2,32.9449862782296,Darrel Oathout,,13.22543841591485,5.0,37.72562462187575,7.599960506420216,25.044711794736223
3,98.52198390168357,Darrel Oathout,,8.27005994799242,5.0,37.72562462187575,7.599960506420216,25.044711794736223
4,133.49428528722947,Darrel Oathout,,0.5195509434781983,5.0,37.72562462187575,7.599960506420216,25.044711794736223
5,118.11649645634459,Darrel Oathout,,-5.636475241223464,5.0,37.72562462187575,7.599960506420216,25.044711794736223
6,103.8985468731968,Darrel Oathout,,2.9572279811260294,5.0,37.72562462187575,7.599960506420216,25.044711794736223
7,25.268412639652666,Darrel Oathout,,41.462711282933356,5.0,37.72562462187575,7.599960506420216,25.044711794736223
8,55.69185771124162,Darrel Oathout,,3.3088925083923426,5.0,37.72562462187575,7.599960506420216,25.044711794736223
9,132.98226962637654,Darrel Oathout,,-9.02835099535953,5.0,37.72562462187575,7.599960506420216,25.044711794736223
10,108.33903020377807,Darrel Oathout,,2.4121574693797627,5.0,37.72562462187575,7.599960506420216,25.044711794736223
11,55.05586772960378,Darrel Oathout,,1.8319533077883645,5.0,37.72562462187575,7.599960506420216,25.044711794736223
12,120.4461157950089,Darrel Oathout,,0.8765896018885387,5.0,37.72562462187575,7.599960506420216,25.044711794736223
13,110.34400094625586,Darrel Oathout,,-6.239816591824303,5.0,37.72562462187575,7.599960506420216,25.044711794736223
14,3.3359627711093687,Darrel Oathout,,0.8424827747873319,5.0,37.72562462187575,7.599960506420216,25.044711794736223
15,52.6608963671966,Darrel Oathout,,3.064901693363642,5.0,37.72562462187575,7.599960506420216,25.044711794736223
16,47.937298747472475,Darrel Oathout,,-2.908929033553424,5.0,37.72562462187575,7.599960506420216,25.044711794736223
17,116.68705569078871,Darrel Oathout,,5.109964718147484,5.0,37.72562462187575,7.599960506420216,25.044711794736223
18,141.27501170161023,Darrel Oathout,,0.8481080319252684,5.0,37.72562462187575,7.599960506420216,25.044711794736223
19,3.636536229493381,Darrel Oathout,,-3.3328786820579093,5.0,37.72562462187575,7.599960506420216,25.044711794736223
20,12.269241873759128,Darrel Oathout,,4.693894437062056,5.0,37.72562462187575,7.599960506420216,25.044711794736223
21,52.280833281722764,Darrel Oathout,,1.7977236246862929,5.0,37.72562462187575,7.599960506420216,25.044711794736223
22,51.0177673080314,Darrel Oathout,,-6.643506867842792,5.0,37.72562462187575,7.599960506420216,25.044711794736223
23,135.5958487436263,Darrel Oathout,,4.522078501478441,5.0,37.72562462187575,7.599960506420216,25.044711794736223
24,137.67344989257734,Darrel Oathout,,6.170319544193465,5.0,37.72562462187575,7.599960506420216,25.044711794736223
25,14.523452612539167,Darrel Oathout,,-5.408546665375789,5.0,37.72562462187575,7.599960506420216,25.044711794736223
26,139.1917269698412,Darrel Oathout,,-0.7763011850109374,5.0,37.72562462187575,7.599960506420216,25.044711794736223
27,27.024926852411983,Darrel Oathout,,31.891973283609268,5.0,37.72562462187575,7.599960506420216,25.044711794736223
28,67.3299117466336,Darrel Oathout,,4.109763017419317,5.0,37.72562462187575,7.599960506420216,25.044711794736223
29,30.15893241592738,Darrel Oathout,,3.9394457539969263,5.0,37.72562462187575,7.599960506420216,25.044711794736223
0,106.90602550990097,Louise Loewen,,-5.497078080117293,5.0,23.13009050679664,12.98106813809141,25.46200331540141
1,19.16788778312453,Louise Loewen,,6.448304906921533,5.0,23.13009050679664,12.98106813809141,25.46200331540141
2,98.17194292496082,Louise Loewen,,-3.6819997097838004,5.0,23.13009050679664,12.98106813809141,25.46200331540141
3,87.52093797748259,Louise Loewen,,-5.536423759429605,5.0,23.13009050679664,12.98106813809141,25.46200331540141
4,9.32445506377318,Louise Loewen,,4.980833099214266,5.0,23.13009050679664,12.98106813809141,25.46200331540141
5,22.302934442807636,Louise Loewen,,18.743127113147672,5.0,23.13009050679664,12.98106813809141,25.46200331540141
6,119.7555112074852,Louise Loewen,,2.1655642328264544,5.0,23.13009050679664,12.98106813809141,25.46200331540141
7,39.604121478992575,Louise Loewen,,11.48472863187429,5.0,23.13009050679664,12.98106813809141,25.46200331540141
8,83.1581660780712,Louise Loewen,,2.338101130384232,5.0,23.13009050679664,12.98106813809141,25.46200331540141
9,19.219867085259683,Louise Loewen,,14.09594735371366,5.0,23.13009050679664,12.98106813809141,25.46200331540141
10,65.11185640063822,Louise Loewen,,-3.3618844965620744,5.0,23.13009050679664,12.98106813809141,25.46200331540141
11,134.6314602820254,Louise Loewen,,5.6708451331124206,5.0,23.13009050679664,12.98106813809141,25.46200331540141
12,28.782598261864706,Louise Loewen,,13.451713387329567,5.0,23.13009050679664,12.98106813809141,25.46200331540141
13,146.5163376459926,Louise Loewen,,0.9228881007062857,5.0,23.13009050679664,12.98106813809141,25.46200331540141
14,148.9195888935235,Louise Loewen,,1.9691115873094083,5.0,23.13009050679664,12.98106813809141,25.46200331540141
15,83.01114232518572,Louise Loewen,,9.546085516806551,5.0,23.13009050679664,12.98106813809141,25.46200331540141
16,77.40571394245697,Louise Loewen,,-1.6355036905333982,5.0,23.13009050679664,12.98106813809141,25.46200331540141
17,138.7227288613329,Louise Loewen,,-1.7329266649106656,5.0,23.13009050679664,12.98106813809141,25.46200331540141
18,86.53120643186776,Louise Loewen,,-4.806576829787174,5.0,23.13009050679664,12.98106813809141,25.46200331540141
19,85.25980835184049,Louise Loewen,,-0.37778009274872937,5.0,23.13009050679664,12.98106813809141,25.46200331540141
20,107.81936502484561,Louise Loewen,,-3.4852749555713807,5.0,23.13009050679664,12.98106813809141,25.46200331540141
21,100.13361785271496,Louise Loewen,,0.9924482504663494,5.0,23.13009050679664,12.98106813809141,25.46200331540141
22,51.39734267695369,Louise Loewen,,2.394866340303296,5.0,23.13009050679664,12.98106813809141,25.46200331540141
23,139.34542613168725,Louise Loewen,,-0.9042715392387805,5.0,23.13009050679664,12.98106813809141,25.46200331540141
24,85.97676154877432,Louise Loewen,,1.0288099052235244,5.0,23.13009050679664,12.98106813809141,25.46200331540141
25,16.08239208675915,Louise Loewen,,-4.48654499005862,5.0,23.13009050679664,12.98106813809141,25.46200331540141
26,105.43841585968869,Louise Loewen,,4.7427843350345205,5.0,23.13009050679664,12.98106813809141,25.46200331540141
27,108.75041663787903,Louise Loewen,,5.35398443957816,5.0,23.13009050679664,12.98106813809141,25.46200331540141
28,78.71973633943095,Louise Loewen,,4.540653990187411,5.0,23.13009050679664,12.98106813809141,25.46200331540141
29,92.91895648337135,Louise Loewen,,8.425740099455501,5.0,23.13009050679664,12.98106813809141,25.46200331540141
0,143.84418559763608,Debra Perkins,,1.7125924592343824,5.0,89.95474753263885,9.854068217539647,26.647726311742236
1,23.725944971985896,Debra Perkins,,66.78019828394413,5.0,89.95474753263885,9.854068217539647,26.647726311742236
2,24.897288043799115,Debra Perkins,,77.17968733151858,5.0,89.95474753263885,9.854068217539647,26.647726311742236
3,43.75209760855623,Debra Perkins,,-0.6887787411886341,5.0,89.95474753263885,9.854068217539647,26.647726311742236
4,37.53932819621896,Debra Perkins,,20.518409761412187,5.0,89.95474753263885,9.854068217539647,26.647726311742236
5,30.84931065808505,Debra Perkins,,56.43032925890626,5.0,89.95474753263885,9.854068217539647,26.647726311742236
6,17.190867695927814,Debra Perkins,,18.472518364646376,5.0,89.95474753263885,9.854068217539647,26.647726311742236
7,11.764116608839847,Debra Perkins,,2.3985886706306996,5.0,89.95474753263885,9.854068217539647,26.647726311742236
8,61.677584017012386,Debra Perkins,,2.52110185226439,5.0,89.95474753263885,9.854068217539647,26.647726311742236
9,82.5424297423741,Debra Perkins,,5.401618595104074,5.0,89.95474753263885,9.854068217539647,26.647726311742236
10,27.30962674543119,Debra Perkins,,76.27504239716792,5.0,89.95474753263885,9.854068217539647,26.647726311742236
11,0.3291129390154468,Debra Perkins,,-2.2703752712195486,5.0,89.95474753263885,9.854068217539647,26.647726311742236
12,25.394240514786564,Debra Perkins,,80.0892393997012,5.0,89.95474753263885,9.854068217539647,26.647726311742236
13,22.028449905117835,Debra Perkins,,46.83880367370989,5.0,89.95474753263885,9.854068217539647,26.647726311742236
14,141.57773068678782,Debra Perkins,,-3.777838781697561,5.0,89.95474753263885,9.854068217539647,26.647726311742236
15,87.5134312089385,Debra Perkins,,3.471131573852507,5.0,89.95474753263885,9.854068217539647,26.647726311742236
16,62.69004698657171,Debra Perkins,,0.7840536766997804,5.0,89.95474753263885,9.854068217539647,26.647726311742236
17,145.73198871155182,Debra Perkins,,-3.7103816044184503,5.0,89.95474753263885,9.854068217539647,26.647726311742236
18,50.31447206665503,Debra Perkins,,5.42490558795118,5.0,89.95474753263885,9.854068217539647,26.647726311742236
19,76.50476990259808,Debra Perkins,,0.4084194727226851,5.0,89.95474753263885,9.854068217539647,26.647726311742236
20,65.56115761919347,Debra Perkins,,6.172900770475325,5.0,89.95474753263885,9.854068217539647,26.647726311742236
21,78.2582214767404,Debra Perkins,,-2.7882154564224817,5.0,89.95474753263885,9.854068217539647,26.647726311742236
22,125.02894228603579,Debra Perkins,,-0.583321205877727,5.0,89.95474753263885,9.854068217539647,26.647726311742236
23,63.23758899575731,Debra Perkins,,1.1344323828508514,5.0,89.95474753263885,9.854068217539647,26.647726311742236
24,13.397466562896005,Debra Perkins,,6.231757737277002,5.0,89.95474753263885,9.854068217539647,26.647726311742236
25,88.19882304783268,Debra Perkins,,-0.4647185849633081,5.0,89.95474753263885,9.854068217539647,26.647726311742236
26,23.68151318552096,Debra Perkins,,67.54587857428676,5.0,89.95474753263885,9.854068217539647,26.647726311742236
27,45.71178937398256,Debra Perkins,,6.819789310884935,5.0,89.95474753263885,9.854068217539647,26.647726311742236
28,85.15662497154393,Debra Perkins,,1.1126246286117467,5.0,89.95474753263885,9.854068217539647,26.647726311742236
29,106.16428644074217,Debra Perkins,,7.142105715461814,5.0,89.95474753263885,9.854068217539647,26.647726311742236
0,143.14319855506557,Julio Larson,,2.623474094689296,5.0,76.32864217271994,11.889176769146324,25.504183756425284
1,129.6857105828935,Julio Larson,,-3.071032977521352,5.0,76.32864217271994,11.889176769146324,25.504183756425284
2,54.10985446347127,Julio Larson,,13.488171376066342,5.0,76.32864217271994,11.889176769146324,25.504183756425284
3,36.410349353760175,Julio Larson,,25.65083857471074,5.0,76.32864217271994,11.889176769146324,25.504183756425284
4,141.23884254503247,Julio Larson,,5.606309940062847,5.0,76.32864217271994,11.889176769146324,25.504183756425284
5,72.2065330971017,Julio Larson,,-2.418491932646745,5.0,76.32864217271994,11.889176769146324,25.504183756425284
6,2.2967443363334725,Julio Larson,,7.997701718406721,5.0,76.32864217271994,11.889176769146324,25.504183756425284
7,40.61917156149434,Julio Larson,,9.425768478651365,5.0,76.32864217271994,11.889176769146324,25.504183756425284
8,116.87978456803198,Julio Larson,,-0.01209447119752799,5.0,76.32864217271994,11.889176769146324,25.504183756425284
9,99.94194546161602,Julio Larson,,-3.2757847725792155,5.0,76.32864217271994,11.889176769146324,25.504183756425284
10,43.721222501271775,Julio Larson,,7.335381876592834,5.0,76.32864217271994,11.889176769146324,25.504183756425284
11,122.32674917479011,Julio Larson,,-3.221391501051695,5.0,76.32864217271994,11.889176769146324,25.504183756425284
12,91.86929075599163,Julio Larson,,-1.1915785270728523,5.0,76.32864217271994,11.889176769146324,25.504183756425284
13,13.98076446397813,Julio Larson,,18.66634621214314,5.0,76.32864217271994,11.889176769146324,25.504183756425284
14,36.3248703672022,Julio Larson,,18.423030164112898,5.0,76.32864217271994,11.889176769146324,25.504183756425284
15,85.89117289277942,Julio Larson,,5.857909174936795,5.0,76.32864217271994,11.889176769146324,25.504183756425284
16,130.26148356591827,Julio Larson,,6.281282940485424,5.0,76.32864217271994,11.889176769146324,25.504183756425284
17,51.89738410887861,Julio Larson,,-4.916359168133334,5.0,76.32864217271994,11.889176769146324,25.504183756425284
18,8.553205073694937,Julio Larson,,6.951580810137726,5.0,76.32864217271994,11.889176769146324,25.504183756425284
19,15.357843434832763,Julio Larson,,15.328142562746828,5.0,76.32864217271994,11.889176769146324,25.504183756425284
20,8.657788392972797,Julio Larson,,11.792761638076719,5.0,76.32864217271994,11.889176769146324,25.504183756425284
21,113.955213449787,Julio Larson,,8.198271938082335,5.0,76.32864217271994,11.889176769146324,25.504183756425284
22,39.10770227646317,Julio Larson,,17.651920015145812,5.0,76.32864217271994,11.889176769146324,25.504183756425284
23,62.9208142255554,Julio Larson,,5.439135586987097,5.0,76.32864217271994,11.889176769146324,25.504183756425284
24,91.51375554949794,Julio Larson,,-2.3602776808498,5.0,76.32864217271994,11.889176769146324,25.504183756425284
25,82.79649093231215,Julio Larson,,0.10772356811447581,5.0,76.32864217271994,11.889176769146324,25.504183756425284
26,25.593716561939367,Julio Larson,,74.08663280632278,5.0,76.32864217271994,11.889176769146324,25.504183756425284
27,14.644925048390917,Julio Larson,,18.61301173848743,5.0,76.32864217271994,11.889176769146324,25.504183756425284
28,14.520406155837911,Julio Larson,,14.507094095232162,5.0,76.32864217271994,11.889176769146324,25.504183756425284
29,119.15465323251166,Julio Larson,,5.646253167324785,5.0,76.32864217271994,11.889176769146324,25.504183756425284
0,73.07129417702252,Rebecca Leija,,4.447721992365231,5.0,33.805127403292055,6.146336421023708,25.90761243719094
1,80.32024074086033,Rebecca Leija,,0.9116250143378115,5.0,33.805127403292055,6.146336421023708,25.90761243719094
2,130.95809894015122,Rebecca Leija,,-11.26567701062203,5.0,33.805127403292055,6.146336421023708,25.90761243719094
3,125.52881136600416,Rebecca Leija,,-5.544978517136256,5.0,33.805127403292055,6.146336421023708,25.90761243719094
4,127.92210597789379,Rebecca Leija,,-3.5075127121605294,5.0,33.805127403292055,6.146336421023708,25.90761243719094
5,44.48459897978496,Rebecca Leija,,1.864304389873611,5.0,33.805127403292055,6.146336421023708,25.90761243719094
6,48.481736839833175,Rebecca Leija,,5.964844298390796,5.0,33.805127403292055,6.146336421023708,25.90761243719094
7,81.42513208592729,Rebecca Leija,,2.11853498963347,5.0,33.805127403292055,6.146336421023708,25.90761243719094
8,108.61076389954077,Rebecca Leija,,-0.8985376384723263,5.0,33.805127403292055,6.146336421023708,25.90761243719094
9,131.36034329751388,Rebecca Leija,,3.8242423932436655,5.0,33.805127403292055,6.146336421023708,25.90761243719094
10,126.1972382857922,Rebecca Leija,,-3.586279152458194,5.0,33.805127403292055,6.146336421023708,25.90761243719094
11,122.96360120145248,Rebecca Leija,,-7.524782654934892,5.0,33.805127403292055,6.146336421023708,25.90761243719094
12,20.520542396485748,Rebecca Leija,,17.612415703933628,5.0,33.805127403292055,6.146336421023708,25.90761243719094
13,111.94310722888363,Rebecca Leija,,2.44965505913872,5.0,33.805127403292055,6.146336421023708,25.90761243719094
14,130.287455218988,Rebecca Leija,,-0.12882855852313543,5.0,33.805127403292055,6.146336421023708,25.90761243719094
15,36.86268608747015,Rebecca Leija,,3.916271757601416,5.0,33.805127403292055,6.146336421023708,25.90761243719094
16,79.84457617246731,Rebecca Leija,,3.2483514285705177,5.0,33.805127403292055,6.146336421023708,25.90761243719094
17,113.00282625514619,Rebecca Leija,,-3.086463768465397,5.0,33.805127403292055,6.146336421023708,25.90761243719094
18,90.9432509903294,Rebecca Leija,,2.37659441858571,5.0,33.805127403292055,6.146336421023708,25.90761243719094
19,109.05483317164939,Rebecca Leija,,-9.773017294294323,5.0,33.805127403292055,6.146336421023708,25.90761243719094
20,67.74162127949286,Rebecca Leija,,2.4229527592686404,5.0,33.805127403292055,6.146336421023708,25.90761243719094
21,107.02454911561475,Rebecca Leija,,4.740239977602963,5.0,33.805127403292055,6.146336421023708,25.90761243719094
22,53.61855294338707,Rebecca Leija,,7.365299119668839,5.0,33.805127403292055,6.146336421023708,25.90761243719094
23,89.41674335837749,Rebecca Leija,,-1.6799085309082535,5.0,33.805127403292055,6.146336421023708,25.90761243719094
24,27.018773035009847,Rebecca Leija,,35.66320128134777,5.0,33.805127403292055,6.146336421023708,25.90761243719094
25,51.282656716469,Rebecca Leija,,6.242562133961573,5.0,33.805127403292055,6.146336421023708,25.90761243719094
26,87.26840674943324,Rebecca Leija,,1.5092960221884284,5.0,33.805127403292055,6.146336421023708,25.90761243719094
27,17.575906167684902,Rebecca Leija,,12.616803204896039,5.0,33.805127403292055,6.146336421023708,25.90761243719094
28,83.86437242880648,Rebecca Leija,,-0.4337048500920103,5.0,33.805127403292055,6.146336421023708,25.90761243719094
29,14.288467766409669,Rebecca Leija,,10.159469195891896,5.0,33.805127403292055,6.146336421023708,25.90761243719094
0,25.54172002502536,Patricia Carignan,,35.626333039669845,5.0,38.958411640245764,7.0508359439789325,24.598949753010363
1,129.9219738985583,Patricia Carignan,,-2.989299415657488,5.0,38.958411640245764,7.0508359439789325,24.598949753010363
2,93.10167317520317,Patricia Carignan,,-4.198822469360629,5.0,38.958411640245764,7.0508359439789325,24.598949753010363
3,65.41571387357669,Patricia Carignan,,6.4802685191876,5.0,38.958411640245764,7.0508359439789325,24.598949753010363
4,102.6757295934621,Patricia Carignan,,-0.015545290712155407,5.0,38.958411640245764,7.0508359439789325,24.598949753010363
5,9.05388234897409,Patricia Carignan,,-1.3040859184768516,5.0,38.958411640245764,7.0508359439789325,24.598949753010363
6,139.095696990617,Patricia Carignan,,4.1708495936147925,5.0,38.958411640245764,7.0508359439789325,24.598949753010363
7,17.604885856556894,Patricia Carignan,,13.168213873547849,5.0,38.958411640245764,7.0508359439789325,24.598949753010363
8,99.442810613239,Patricia Carignan,,-0.47018118552076704,5.0,38.958411640245764,7.0508359439789325,24.598949753010363
9,58.14520057249833,Patricia Carignan,,4.100854703115653,5.0,38.958411640245764,7.0508359439789325,24.598949753010363
10,131.94782116638504,Patricia Carignan,,0.4952053546528599,5.0,38.958411640245764,7.0508359439789325,24.598949753010363
11,45.60069278939328,Patricia Carignan,,1.393094341505112,5.0,38.958411640245764,7.0508359439789325,24.598949753010363
12,88.66575339428326,Patricia Carignan,,-1.4719605011019448,5.0,38.958411640245764,7.0508359439789325,24.598949753010363
13,13.126487726764502,Patricia Carignan,,-5.5767240601478,5.0,38.958411640245764,7.0508359439789325,24.598949753010363
14,14.460973283030675,Patricia Carignan,,-7.849784436357526,5.0,38.958411640245764,7.0508359439789325,24.598949753010363
15,92.69471409060333,Patricia Carignan,,-6.601071792042012,5.0,38.958411640245764,7.0508359439789325,24.598949753010363
16,110.99440187440456,Patricia Carignan,,-1.100442374710005,5.0,38.958411640245764,7.0508359439789325,24.598949753010363
17,131.18217959405905,Patricia Carignan,,5.672882651584751,5.0,38.958411640245764,7.0508359439789325,24.598949753010363
18,133.4312186484448,Patricia Carignan,,-7.846283129291557,5.0,38.958411640245764,7.0508359439789325,24.598949753010363
19,13.157333321323705,Patricia Carignan,,8.729473775683871,5.0,38.958411640245764,7.0508359439789325,24.598949753010363
20,102.50932795752148,Patricia Carignan,,-1.1181109757581076,5.0,38.958411640245764,7.0508359439789325,24.598949753010363
21,13.269774794530264,Patricia Carignan,,5.188298954359434,5.0,38.958411640245764,7.0508359439789325,24.598949753010363
22,145.7106279555221,Patricia Carignan,,-2.9237697172713863,5.0,38.958411640245764,7.0508359439789325,24.598949753010363
23,31.54831854394728,Patricia Carignan,,12.550232623589137,5.0,38.958411640245764,7.0508359439789325,24.598949753010363
24,102.85633416612637,Patricia Carignan,,-5.163831080607079,5.0,38.958411640245764,7.0508359439789325,24.598949753010363
25,43.226811132036644,Patricia Carignan,,-2.9806337711701127,5.0,38.958411640245764,7.0508359439789325,24.598949753010363
26,88.82746002307765,Patricia Carignan,,-13.13721053409745,5.0,38.958411640245764,7.0508359439789325,24.598949753010363
27,57.11422975829152,Patricia Carignan,,9.316704614984811,5.0,38.958411640245764,7.0508359439789325,24.598949753010363
28,7.853836078041587,Patricia Carignan,,-0.9728778962104077,5.0,38.958411640245764,7.0508359439789325,24.598949753010363
29,121.57574972103136,Patricia Carignan,,5.6907999889667,5.0,38.958411640245764,7.0508359439789325,24.598949753010363
0,17.983411129029957,Yetta Freund,,44.010766664093985,5.0,88.74067860141002,11.94441447755566,23.925534023479862
1,30.75389346915539,Yetta Freund,,32.27051915433609,5.0,88.74067860141002,11.94441447755566,23.925534023479862
2,129.07413526384278,Yetta Freund,,0.7468808035412189,5.0,88.74067860141002,11.94441447755566,23.925534023479862
3,60.5004964534541,Yetta Freund,,-0.9289190674235144,5.0,88.74067860141002,11.94441447755566,23.925534023479862
4,21.392398640091326,Yetta Freund,,73.57810990391002,5.0,88.74067860141002,11.94441447755566,23.925534023479862
5,123.70135790428459,Yetta Freund,,4.635655410313484,5.0,88.74067860141002,11.94441447755566,23.925534023479862
6,48.77214968215717,Yetta Freund,,5.657581104410003,5.0,88.74067860141002,11.94441447755566,23.925534023479862
7,71.61227842551408,Yetta Freund,,-9.00846823817341,5.0,88.74067860141002,11.94441447755566,23.925534023479862
8,93.83862061874336,Yetta Freund,,-1.6933442402828045,5.0,88.74067860141002,11.94441447755566,23.925534023479862
9,116.23504087657881,Yetta Freund,,1.532243400251919,5.0,88.74067860141002,11.94441447755566,23.925534023479862
10,79.45428853638502,Yetta Freund,,0.2956131658410619,5.0,88.74067860141002,11.94441447755566,23.925534023479862
11,134.48455391770395,Yetta Freund,,0.833233742319168,5.0,88.74067860141002,11.94441447755566,23.925534023479862
12,137.98545561768873,Yetta Freund,,0.1203810238193104,5.0,88.74067860141002,11.94441447755566,23.925534023479862
13,67.2122469732817,Yetta Freund,,-0.13299734654659923,5.0,88.74067860141002,11.94441447755566,23.925534023479862
14,18.973745921045076,Yetta Freund,,56.44450284754563,5.0,88.74067860141002,11.94441447755566,23.925534023479862
15,108.70724000949329,Yetta Freund,,4.754202094360341,5.0,88.74067860141002,11.94441447755566,23.925534023479862
16,5.485187365818339,Yetta Freund,,10.217704704529938,5.0,88.74067860141002,11.94441447755566,23.925534023479862
17,91.33080080905201,Yetta Freund,,-6.622120123802111,5.0,88.74067860141002,11.94441447755566,23.925534023479862
18,53.77891684188129,Yetta Freund,,2.8435614957742317,5.0,88.74067860141002,11.94441447755566,23.925534023479862
19,4.2827815856232965,Yetta Freund,,18.838637399384965,5.0,88.74067860141002,11.94441447755566,23.925534023479862
20,94.21163322882354,Yetta Freund,,6.4662585484096144,5.0,88.74067860141002,11.94441447755566,23.925534023479862
21,104.29442887144452,Yetta Freund,,-6.27315163137471,5.0,88.74067860141002,11.94441447755566,23.925534023479862
22,122.57835263729433,Yetta Freund,,1.8657742469588208,5.0,88.74067860141002,11.94441447755566,23.925534023479862
23,84.04607648658462,Yetta Freund,,13.622798506722445,5.0,88.74067860141002,11.94441447755566,23.925534023479862
24,102.7925870309129,Yetta Freund,,-2.1956819343053713,5.0,88.74067860141002,11.94441447755566,23.925534023479862
25,94.31283498825353,Yetta Freund,,12.862034651910474,5.0,88.74067860141002,11.94441447755566,23.925534023479862
26,145.74446614871124,Yetta Freund,,-1.675218731505943,5.0,88.74067860141002,11.94441447755566,23.925534023479862
27,10.294750308101358,Yetta Freund,,17.36666633721797,5.0,88.74067860141002,11.94441447755566,23.925534023479862
28,131.44430379421738,Yetta Freund,,6.144674053706016,5.0,88.74067860141002,11.94441447755566,23.925534023479862
29,76.27609103046883,Yetta Freund,,-0.8510330766601544,5.0,88.74067860141002,11.94441447755566,23.925534023479862
0,143.66086818100712,Matthew Riley,,6.201990093760345,5.0,69.16960918261154,6.429717012583562,24.17538625961748
1,29.438532147892925,Matthew Riley,,19.368954374936415,5.0,69.16960918261154,6.429717012583562,24.17538625961748
2,84.01326702009067,Matthew Riley,,9.80757497071425,5.0,69.16960918261154,6.429717012583562,24.17538625961748
3,124.33226659101831,Matthew Riley,,8.484434058486745,5.0,69.16960918261154,6.429717012583562,24.17538625961748
4,111.76337084970103,Matthew Riley,,-9.657625631828294,5.0,69.16960918261154,6.429717012583562,24.17538625961748
5,76.06353615085318,Matthew Riley,,-3.209660356188167,5.0,69.16960918261154,6.429717012583562,24.17538625961748
6,113.74416678156686,Matthew Riley,,-5.385764629492471,5.0,69.16960918261154,6.429717012583562,24.17538625961748
7,12.478933724776692,Matthew Riley,,0.7101149148820038,5.0,69.16960918261154,6.429717012583562,24.17538625961748
8,97.09780931258327,Matthew Riley,,3.373677024966344,5.0,69.16960918261154,6.429717012583562,24.17538625961748
9,58.17150826703905,Matthew Riley,,-6.853099388244738,5.0,69.16960918261154,6.429717012583562,24.17538625961748
10,120.77002066652926,Matthew Riley,,-2.21979470069868,5.0,69.16960918261154,6.429717012583562,24.17538625961748
11,119.63840247187416,Matthew Riley,,0.9003458983223332,5.0,69.16960918261154,6.429717012583562,24.17538625961748
12,30.882884116510596,Matthew Riley,,10.221314276826247,5.0,69.16960918261154,6.429717012583562,24.17538625961748
13,117.84674484452546,Matthew Riley,,0.8363149417948132,5.0,69.16960918261154,6.429717012583562,24.17538625961748
14,29.215778623132167,Matthew Riley,,7.284477166943024,5.0,69.16960918261154,6.429717012583562,24.17538625961748
15,71.07383703627217,Matthew Riley,,-0.6342067346126864,5.0,69.16960918261154,6.429717012583562,24.17538625961748
16,30.065514553778023,Matthew Riley,,11.639067656062245,5.0,69.16960918261154,6.429717012583562,24.17538625961748
17,58.501174868444984,Matthew Riley,,-3.2769160038253258,5.0,69.16960918261154,6.429717012583562,24.17538625961748
18,108.72779398274463,Matthew Riley,,-5.750971112360075,5.0,69.16960918261154,6.429717012583562,24.17538625961748
19,56.65359443303324,Matthew Riley,,3.812763197601182,5.0,69.16960918261154,6.429717012583562,24.17538625961748
20,116.78326173281854,Matthew Riley,,-0.9609168591523828,5.0,69.16960918261154,6.429717012583562,24.17538625961748
21,105.08585145981793,Matthew Riley,,4.513693948466291,5.0,69.16960918261154,6.429717012583562,24.17538625961748
22,117.55158002819866,Matthew Riley,,4.741173019892926,5.0,69.16960918261154,6.429717012583562,24.17538625961748
23,122.59096707316695,Matthew Riley,,-0.7691105627476617,5.0,69.16960918261154,6.429717012583562,24.17538625961748
24,8.630762029590544,Matthew Riley,,2.3951411016860376,5.0,69.16960918261154,6.429717012583562,24.17538625961748
25,104.71768137578124,Matthew Riley,,-0.7518252891491842,5.0,69.16960918261154,6.429717012583562,24.17538625961748
26,86.55700494842907,Matthew Riley,,5.481402810761001,5.0,69.16960918261154,6.429717012583562,24.17538625961748
27,45.01365306835237,Matthew Riley,,-2.239262004415405,5.0,69.16960918261154,6.429717012583562,24.17538625961748
28,108.84052105414682,Matthew Riley,,0.98860532311043,5.0,69.16960918261154,6.429717012583562,24.17538625961748
29,86.83079975489566,Matthew Riley,,6.500118564224447,5.0,69.16960918261154,6.429717012583562,24.17538625961748
0,86.7006603713806,Jonathan Lindstrom,,-3.34501999387945,5.0,35.23416595996209,11.951837512375807,25.986237875937
1,46.47131462039978,Jonathan Lindstrom,,-4.026364396225992,5.0,35.23416595996209,11.951837512375807,25.986237875937
2,66.08239021860474,Jonathan Lindstrom,,0.7420838657172167,5.0,35.23416595996209,11.951837512375807,25.986237875937
3,43.45343873397386,Jonathan Lindstrom,,4.55169149518682,5.0,35.23416595996209,11.951837512375807,25.986237875937
4,56.10670986665362,Jonathan Lindstrom,,5.408863209240446,5.0,35.23416595996209,11.951837512375807,25.986237875937
5,104.17051736962006,Jonathan Lindstrom,,1.7646112192140402,5.0,35.23416595996209,11.951837512375807,25.986237875937
6,9.310185656737724,Jonathan Lindstrom,,8.800213563630376,5.0,35.23416595996209,11.951837512375807,25.986237875937
7,113.3874837442009,Jonathan Lindstrom,,-5.148813803671516,5.0,35.23416595996209,11.951837512375807,25.986237875937
8,146.8021463541853,Jonathan Lindstrom,,3.358803670370355,5.0,35.23416595996209,11.951837512375807,25.986237875937
9,79.28130243668032,Jonathan Lindstrom,,12.219062740851099,5.0,35.23416595996209,11.951837512375807,25.986237875937
10,97.62247731490467,Jonathan Lindstrom,,3.4971136918798504,5.0,35.23416595996209,11.951837512375807,25.986237875937
11,63.67549637484193,Jonathan Lindstrom,,-0.325820548222425,5.0,35.23416595996209,11.951837512375807,25.986237875937
12,103.21240551037712,Jonathan Lindstrom,,5.796473310130772,5.0,35.23416595996209,11.951837512375807,25.986237875937
13,67.16771647547661,Jonathan Lindstrom,,-2.0984482340074964,5.0,35.23416595996209,11.951837512375807,25.986237875937
14,102.3830480212441,Jonathan Lindstrom,,0.9781119859103584,5.0,35.23416595996209,11.951837512375807,25.986237875937
15,96.27693156319681,Jonathan Lindstrom,,-5.7362363806608005,5.0,35.23416595996209,11.951837512375807,25.986237875937
16,10.065293308086826,Jonathan Lindstrom,,13.102694021451132,5.0,35.23416595996209,11.951837512375807,25.986237875937
17,58.858353286455156,Jonathan Lindstrom,,16.53194864723909,5.0,35.23416595996209,11.951837512375807,25.986237875937
18,27.23371762157438,Jonathan Lindstrom,,29.828283975812198,5.0,35.23416595996209,11.951837512375807,25.986237875937
19,62.42036670960978,Jonathan Lindstrom,,2.4924230374048295,5.0,35.23416595996209,11.951837512375807,25.986237875937
20,79.74100200788047,Jonathan Lindstrom,,-2.017320386133577,5.0,35.23416595996209,11.951837512375807,25.986237875937
21,95.41285572242461,Jonathan Lindstrom,,1.9031666789172563,5.0,35.23416595996209,11.951837512375807,25.986237875937
22,102.91589937014193,Jonathan Lindstrom,,-3.33379262143913,5.0,35.23416595996209,11.951837512375807,25.986237875937
23,120.68087159598271,Jonathan Lindstrom,,0.1837277974866249,5.0,35.23416595996209,11.951837512375807,25.986237875937
24,110.97087346928927,Jonathan Lindstrom,,-11.66011434683228,5.0,35.23416595996209,11.951837512375807,25.986237875937
25,55.83483479385348,Jonathan Lindstrom,,10.030948470456304,5.0,35.23416595996209,11.951837512375807,25.986237875937
26,65.07163740506036,Jonathan Lindstrom,,3.363142343469324,5.0,35.23416595996209,11.951837512375807,25.986237875937
27,8.343117836085906,Jonathan Lindstrom,,1.186992469421733,5.0,35.23416595996209,11.951837512375807,25.986237875937
28,19.52960039650735,Jonathan Lindstrom,,9.53371579409015,5.0,35.23416595996209,11.951837512375807,25.986237875937
29,95.25063199742218,Jonathan Lindstrom,,-3.7311528232075415,5.0,35.23416595996209,11.951837512375807,25.986237875937
0,17.774521641033488,Olga Selby,,17.295413570417544,5.0,24.374952070519452,14.055881110813539,23.682641529876637
1,109.3844674724675,Olga Selby,,-3.1499315737018705,5.0,24.374952070519452,14.055881110813539,23.682641529876637
2,13.160044509533675,Olga Selby,,6.910489635023085,5.0,24.374952070519452,14.055881110813539,23.682641529876637
3,36.834810868811694,Olga Selby,,4.394611515873608,5.0,24.374952070519452,14.055881110813539,23.682641529876637
4,128.1424244339027,Olga Selby,,4.664910760470757,5.0,24.374952070519452,14.055881110813539,23.682641529876637
5,109.31158898917818,Olga Selby,,3.2839142560796017,5.0,24.374952070519452,14.055881110813539,23.682641529876637
6,15.78022773666502,Olga Selby,,10.451333450243075,5.0,24.374952070519452,14.055881110813539,23.682641529876637
7,40.16342426630789,Olga Selby,,6.137460260152843,5.0,24.374952070519452,14.055881110813539,23.682641529876637
8,73.92865985550317,Olga Selby,,6.4562695391608225,5.0,24.374952070519452,14.055881110813539,23.682641529876637
9,138.51451997508482,Olga Selby,,3.8349267704708283,5.0,24.374952070519452,14.055881110813539,23.682641529876637
10,127.15012126026858,Olga Selby,,-12.133035245692506,5.0,24.374952070519452,14.055881110813539,23.682641529876637
11,76.72658993359049,Olga Selby,,-3.0438398787581287,5.0,24.374952070519452,14.055881110813539,23.682641529876637
12,52.33707988353225,Olga Selby,,9.658630474142598,5.0,24.374952070519452,14.055881110813539,23.682641529876637
13,43.281957692197366,Olga Selby,,0.3478242304767205,5.0,24.374952070519452,14.055881110813539,23.682641529876637
14,128.8212206839101,Olga Selby,,-5.377821561471353,5.0,24.374952070519452,14.055881110813539,23.682641529876637
15,13.969947868385068,Olga Selby,,-1.991803821267439,5.0,24.374952070519452,14.055881110813539,23.682641529876637
16,133.62292959546267,Olga Selby,,2.956774498313646,5.0,24.374952070519452,14.055881110813539,23.682641529876637
17,69.3820754547641,Olga Selby,,4.06124294099499,5.0,24.374952070519452,14.055881110813539,23.682641529876637
18,92.18661018313846,Olga Selby,,1.7992335076284094,5.0,24.374952070519452,14.055881110813539,23.682641529876637
19,143.02969892591165,Olga Selby,,3.2643003110326068,5.0,24.374952070519452,14.055881110813539,23.682641529876637
20,71.73690550905457,Olga Selby,,4.317484003611286,5.0,24.374952070519452,14.055881110813539,23.682641529876637
21,128.06773570632845,Olga Selby,,-0.4914714091939161,5.0,24.374952070519452,14.055881110813539,23.682641529876637
22,75.93844242068089,Olga Selby,,-7.21506636116014,5.0,24.374952070519452,14.055881110813539,23.682641529876637
23,20.113750281182686,Olga Selby,,21.28444315621567,5.0,24.374952070519452,14.055881110813539,23.682641529876637
24,149.3007765430848,Olga Selby,,6.566679807482802,5.0,24.374952070519452,14.055881110813539,23.682641529876637
25,21.4030010646474,Olga Selby,,19.425486141204118,5.0,24.374952070519452,14.055881110813539,23.682641529876637
26,3.5051385124682257,Olga Selby,,-3.492528405424599,5.0,24.374952070519452,14.055881110813539,23.682641529876637
27,13.843002956587187,Olga Selby,,2.7813177615774034,5.0,24.374952070519452,14.055881110813539,23.682641529876637
28,16.631657099557206,Olga Selby,,8.397091556127297,5.0,24.374952070519452,14.055881110813539,23.682641529876637
29,127.35204646777079,Olga Selby,,1.2929328827863604,5.0,24.374952070519452,14.055881110813539,23.682641529876637
0,101.45019648570862,Joseph Schiavone,,0.8036039704563747,5.0,34.5547523248955,15.860770915272054,26.404102169758158
1,100.6895386531226,Joseph Schiavone,,-5.62014120128001,5.0,34.5547523248955,15.860770915272054,26.404102169758158
2,17.76959467925604,Joseph Schiavone,,11.341410664817058,5.0,34.5547523248955,15.860770915272054,26.404102169758158
3,64.09451474227573,Joseph Schiavone,,-1.5752252259775064,5.0,34.5547523248955,15.860770915272054,26.404102169758158
4,38.75999499694557,Joseph Schiavone,,9.756114367623574,5.0,34.5547523248955,15.860770915272054,26.404102169758158
5,32.2654308864846,Joseph Schiavone,,18.118498437026645,5.0,34.5547523248955,15.860770915272054,26.404102169758158
6,116.32400282581848,Joseph Schiavone,,-5.412686156663985,5.0,34.5547523248955,15.860770915272054,26.404102169758158
7,98.68402632829222,Joseph Schiavone,,-6.857168139123786,5.0,34.5547523248955,15.860770915272054,26.404102169758158
8,50.33730237983608,Joseph Schiavone,,6.2118471137153435,5.0,34.5547523248955,15.860770915272054,26.404102169758158
9,99.83185027793844,Joseph Schiavone,,3.3202163037126073,5.0,34.5547523248955,15.860770915272054,26.404102169758158
10,136.13846526124414,Joseph Schiavone,,0.011145508201712034,5.0,34.5547523248955,15.860770915272054,26.404102169758158
11,42.204686881684424,Joseph Schiavone,,10.790679064049332,5.0,34.5547523248955,15.860770915272054,26.404102169758158
12,140.02260786277645,Joseph Schiavone,,-8.202738214692841,5.0,34.5547523248955,15.860770915272054,26.404102169758158
13,66.99162710550183,Joseph Schiavone,,-1.4460654167756288,5.0,34.5547523248955,15.860770915272054,26.404102169758158
14,138.7930066362606,Joseph Schiavone,,-2.4430037108223397,5.0,34.5547523248955,15.860770915272054,26.404102169758158
15,20.26296962699784,Joseph Schiavone,,18.890620404109313,5.0,34.5547523248955,15.860770915272054,26.404102169758158
16,113.23996702743254,Joseph Schiavone,,-0.7876536832527572,5.0,34.5547523248955,15.860770915272054,26.404102169758158
17,14.378155417455057,Joseph Schiavone,,1.8961640840910086,5.0,34.5547523248955,15.860770915272054,26.404102169758158
18,142.94741889493173,Joseph Schiavone,,-0.7930559860136428,5.0,34.5547523248955,15.860770915272054,26.404102169758158
19,109.62869757342729,Joseph Schiavone,,2.622085280839352,5.0,34.5547523248955,15.860770915272054,26.404102169758158
20,114.90964302668144,Joseph Schiavone,,-13.212077439964483,5.0,34.5547523248955,15.860770915272054,26.404102169758158
21,72.7744174419468,Joseph Schiavone,,-4.135784716507738,5.0,34.5547523248955,15.860770915272054,26.404102169758158
22,81.8401301618668,Joseph Schiavone,,2.5568432508373933,5.0,34.5547523248955,15.860770915272054,26.404102169758158
23,84.2681036833756,Joseph Schiavone,,1.3578404686169134,5.0,34.5547523248955,15.860770915272054,26.404102169758158
24,100.72592403950232,Joseph Schiavone,,4.981907004320053,5.0,34.5547523248955,15.860770915272054,26.404102169758158
25,100.43445267403771,Joseph Schiavone,,7.913675686338646,5.0,34.5547523248955,15.860770915272054,26.404102169758158
26,63.83636148920824,Joseph Schiavone,,-2.488030018458181,5.0,34.5547523248955,15.860770915272054,26.404102169758158
27,102.56790953475848,Joseph Schiavone,,6.299272725906606,5.0,34.5547523248955,15.860770915272054,26.404102169758158
28,83.41298506525034,Joseph Schiavone,,-1.709629000689762,5.0,34.5547523248955,15.860770915272054,26.404102169758158
29,78.04305432973254,Joseph Schiavone,,-0.28178823818151577,5.0,34.5547523248955,15.860770915272054,26.404102169758158
0,131.0280381434833,Patricia Neal,,-4.667524549285563,5.0,51.184429347177314,8.01113435579406,23.929001052966637
1,89.49347430425823,Patricia Neal,,-5.52388881327035,5.0,51.184429347177314,8.01113435579406,23.929001052966637
2,132.04859710005414,Patricia Neal,,-6.184734505840895,5.0,51.184429347177314,8.01113435579406,23.929001052966637
3,115.68611632648106,Patricia Neal,,-4.543843389387397,5.0,51.184429347177314,8.01113435579406,23.929001052966637
4,37.169773846349564,Patricia Neal,,6.7825162595222706,5.0,51.184429347177314,8.01113435579406,23.929001052966637
5,136.69571016613375,Patricia Neal,,9.50622408966864,5.0,51.184429347177314,8.01113435579406,23.929001052966637
6,56.088751810377474,Patricia Neal,,0.03713241927402022,5.0,51.184429347177314,8.01113435579406,23.929001052966637
7,32.71727358135498,Patricia Neal,,8.267824228343779,5.0,51.184429347177314,8.01113435579406,23.929001052966637
8,10.535987874749992,Patricia Neal,,-8.733314390169237,5.0,51.184429347177314,8.01113435579406,23.929001052966637
9,39.91411350751626,Patricia Neal,,6.363395642510087,5.0,51.184429347177314,8.01113435579406,23.929001052966637
10,19.294881857174584,Patricia Neal,,32.91571734944407,5.0,51.184429347177314,8.01113435579406,23.929001052966637
11,85.06198604860455,Patricia Neal,,-6.415508561847332,5.0,51.184429347177314,8.01113435579406,23.929001052966637
12,30.316944140163983,Patricia Neal,,16.757998942045823,5.0,51.184429347177314,8.01113435579406,23.929001052966637
13,123.15692544470109,Patricia Neal,,3.2857658837836206,5.0,51.184429347177314,8.01113435579406,23.929001052966637
14,97.4609697292105,Patricia Neal,,-5.522068787768625,5.0,51.184429347177314,8.01113435579406,23.929001052966637
15,61.2516670019182,Patricia Neal,,-0.17843797941619866,5.0,51.184429347177314,8.01113435579406,23.929001052966637
16,16.96060099835538,Patricia Neal,,16.16583623443954,5.0,51.184429347177314,8.01113435579406,23.929001052966637
17,142.25991256193845,Patricia Neal,,9.94305221164678,5.0,51.184429347177314,8.01113435579406,23.929001052966637
18,58.84941567563392,Patricia Neal,,7.045652305706135,5.0,51.184429347177314,8.01113435579406,23.929001052966637
19,42.74197394188584,Patricia Neal,,7.123219938042333,5.0,51.184429347177314,8.01113435579406,23.929001052966637
20,39.86399429662528,Patricia Neal,,0.15886609025174803,5.0,51.184429347177314,8.01113435579406,23.929001052966637
21,29.819964369812595,Patricia Neal,,13.667671783596244,5.0,51.184429347177314,8.01113435579406,23.929001052966637
22,31.925775541163087,Patricia Neal,,4.393876313516341,5.0,51.184429347177314,8.01113435579406,23.929001052966637
23,21.00133355967261,Patricia Neal,,22.15140463499521,5.0,51.184429347177314,8.01113435579406,23.929001052966637
24,8.380674273361288,Patricia Neal,,0.7857235862776144,5.0,51.184429347177314,8.01113435579406,23.929001052966637
25,62.31465457573292,Patricia Neal,,-2.2601667494252626,5.0,51.184429347177314,8.01113435579406,23.929001052966637
26,90.74387742903957,Patricia Neal,,-3.094388286644101,5.0,51.184429347177314,8.01113435579406,23.929001052966637
27,7.053603404200098,Patricia Neal,,1.8602550605560113,5.0,51.184429347177314,8.01113435579406,23.929001052966637
28,101.54676904817276,Patricia Neal,,0.9502335929438931,5.0,51.184429347177314,8.01113435579406,23.929001052966637
29,143.4209765443292,Patricia Neal,,-2.6708341088697827,5.0,51.184429347177314,8.01113435579406,23.929001052966637
0,114.48267152799433,Jeromy Rodriguez,,-4.268513286047434,5.0,85.92969867111317,7.286906734843473,25.21088159524019
1,100.95217483305399,Jeromy Rodriguez,,4.396020604763746,5.0,85.92969867111317,7.286906734843473,25.21088159524019
2,32.792895138347674,Jeromy Rodriguez,,14.684784229360222,5.0,85.92969867111317,7.286906734843473,25.21088159524019
3,23.988111162441694,Jeromy Rodriguez,,69.82736877050148,5.0,85.92969867111317,7.286906734843473,25.21088159524019
4,111.26337643598632,Jeromy Rodriguez,,-5.967545498107542,5.0,85.92969867111317,7.286906734843473,25.21088159524019
5,2.0961899433723397,Jeromy Rodriguez,,0.3738577425251348,5.0,85.92969867111317,7.286906734843473,25.21088159524019
6,20.870572651242792,Jeromy Rodriguez,,27.881446961877174,5.0,85.92969867111317,7.286906734843473,25.21088159524019
7,69.25476812311322,Jeromy Rodriguez,,-5.664786888073281,5.0,85.92969867111317,7.286906734843473,25.21088159524019
8,143.75838902594683,Jeromy Rodriguez,,-0.9621852195671812,5.0,85.92969867111317,7.286906734843473,25.21088159524019
9,120.39657919939339,Jeromy Rodriguez,,-8.390356863704218,5.0,85.92969867111317,7.286906734843473,25.21088159524019
10,138.64626900299066,Jeromy Rodriguez,,-0.10353553247739879,5.0,85.92969867111317,7.286906734843473,25.21088159524019
11,28.62528272215125,Jeromy Rodriguez,,47.42466657479409,5.0,85.92969867111317,7.286906734843473,25.21088159524019
12,30.027485522972412,Jeromy Rodriguez,,34.8458920067313,5.0,85.92969867111317,7.286906734843473,25.21088159524019
13,107.49354544695787,Jeromy Rodriguez,,-5.080785627429882,5.0,85.92969867111317,7.286906734843473,25.21088159524019
14,71.27849015791884,Jeromy Rodriguez,,8.166668814400301,5.0,85.92969867111317,7.286906734843473,25.21088159524019
15,130.53835225371833,Jeromy Rodriguez,,4.353419578942732,5.0,85.92969867111317,7.286906734843473,25.21088159524019
16,104.28922926776453,Jeromy Rodriguez,,-3.5339299040238505,5.0,85.92969867111317,7.286906734843473,25.21088159524019
17,34.67757937114976,Jeromy Rodriguez,,7.84969755033974,5.0,85.92969867111317,7.286906734843473,25.21088159524019
18,7.769642841961849,Jeromy Rodriguez,,10.338557397158993,5.0,85.92969867111317,7.286906734843473,25.21088159524019
19,52.47807012080225,Jeromy Rodriguez,,0.7087727537415892,5.0,85.92969867111317,7.286906734843473,25.21088159524019
20,120.02352074652629,Jeromy Rodriguez,,6.074445519909927,5.0,85.92969867111317,7.286906734843473,25.21088159524019
21,41.28228584309592,Jeromy Rodriguez,,10.150596024086322,5.0,85.92969867111317,7.286906734843473,25.21088159524019
22,101.96715985539359,Jeromy Rodriguez,,6.287157498771823,5.0,85.92969867111317,7.286906734843473,25.21088159524019
23,80.80997986688396,Jeromy Rodriguez,,5.672860141981586,5.0,85.92969867111317,7.286906734843473,25.21088159524019
24,15.167039897015133,Jeromy Rodriguez,,13.517017935754852,5.0,85.92969867111317,7.286906734843473,25.21088159524019
25,73.01810407856767,Jeromy Rodriguez,,-9.979543740555913,5.0,85.92969867111317,7.286906734843473,25.21088159524019
26,136.73257031966585,Jeromy Rodriguez,,-2.6080469419853367,5.0,85.92969867111317,7.286906734843473,25.21088159524019
27,32.6737796082552,Jeromy Rodriguez,,7.121631284996733,5.0,85.92969867111317,7.286906734843473,25.21088159524019
28,18.225363701724312,Jeromy Rodriguez,,16.392535715921866,5.0,85.92969867111317,7.286906734843473,25.21088159524019
29,75.26594121522989,Jeromy Rodriguez,,0.07220656897768313,5.0,85.92969867111317,7.286906734843473,25.21088159524019
0,7.582761560829409,Anthony Diercks,,2.9740852053471714,5.0,31.278765464481967,13.018905491811752,25.458129404379665
1,117.36341006990382,Anthony Diercks,,9.249215990405121,5.0,31.278765464481967,13.018905491811752,25.458129404379665
2,37.97202505193642,Anthony Diercks,,9.322168377216155,5.0,31.278765464481967,13.018905491811752,25.458129404379665
3,20.769046222654826,Anthony Diercks,,22.309275191605586,5.0,31.278765464481967,13.018905491811752,25.458129404379665
4,42.6617064362542,Anthony Diercks,,4.243431604792162,5.0,31.278765464481967,13.018905491811752,25.458129404379665
5,7.432735565134779,Anthony Diercks,,4.92286485746888,5.0,31.278765464481967,13.018905491811752,25.458129404379665
6,17.764844715771066,Anthony Diercks,,6.743412125143573,5.0,31.278765464481967,13.018905491811752,25.458129404379665
7,4.388526072256477,Anthony Diercks,,1.3645490432538696,5.0,31.278765464481967,13.018905491811752,25.458129404379665
8,98.92352306093379,Anthony Diercks,,-8.027532313084771,5.0,31.278765464481967,13.018905491811752,25.458129404379665
9,141.92163589945244,Anthony Diercks,,3.602086131766058,5.0,31.278765464481967,13.018905491811752,25.458129404379665
10,138.56534555039107,Anthony Diercks,,2.158833520676772,5.0,31.278765464481967,13.018905491811752,25.458129404379665
11,149.6799719848819,Anthony Diercks,,-1.662830398421751,5.0,31.278765464481967,13.018905491811752,25.458129404379665
12,75.51836221409027,Anthony Diercks,,-0.01625758078552586,5.0,31.278765464481967,13.018905491811752,25.458129404379665
13,96.54561923169618,Anthony Diercks,,0.9235887254581315,5.0,31.278765464481967,13.018905491811752,25.458129404379665
14,136.9318012906545,Anthony Diercks,,-1.6647302666751476,5.0,31.278765464481967,13.018905491811752,25.458129404379665
15,32.663233160367014,Anthony Diercks,,6.551605606170016,5.0,31.278765464481967,13.018905491811752,25.458129404379665
16,63.44431646045732,Anthony Diercks,,6.100176616300243,5.0,31.278765464481967,13.018905491811752,25.458129404379665
17,69.8949137804668,Anthony Diercks,,-5.739148598920734,5.0,31.278765464481967,13.018905491811752,25.458129404379665
18,38.48368447393889,Anthony Diercks,,4.160736231615754,5.0,31.278765464481967,13.018905491811752,25.458129404379665
19,17.850455313585282,Anthony Diercks,,9.056447982583325,5.0,31.278765464481967,13.018905491811752,25.458129404379665
20,69.72353285167058,Anthony Diercks,,2.7132261459596325,5.0,31.278765464481967,13.018905491811752,25.458129404379665
21,102.06941822056649,Anthony Diercks,,-2.890975949188108,5.0,31.278765464481967,13.018905491811752,25.458129404379665
22,52.34049489161121,Anthony Diercks,,3.9644145346302713,5.0,31.278765464481967,13.018905491811752,25.458129404379665
23,136.49425618263916,Anthony Diercks,,0.35060619121603226,5.0,31.278765464481967,13.018905491811752,25.458129404379665
24,65.1446266596527,Anthony Diercks,,-4.490801095322196,5.0,31.278765464481967,13.018905491811752,25.458129404379665
25,94.08840167279584,Anthony Diercks,,-3.2520390304247857,5.0,31.278765464481967,13.018905491811752,25.458129404379665
26,66.3639486880177,Anthony Diercks,,6.574784492932968,5.0,31.278765464481967,13.018905491811752,25.458129404379665
27,18.27637023011767,Anthony Diercks,,19.14084666485563,5.0,31.278765464481967,13.018905491811752,25.458129404379665
28,112.19426023960824,Anthony Diercks,,2.933839324693769,5.0,31.278765464481967,13.018905491811752,25.458129404379665
29,51.60117964211392,Anthony Diercks,,1.106044846967038,5.0,31.278765464481967,13.018905491811752,25.458129404379665
0,110.367245099511,Esther Lyons,,9.493460112707233,5.0,76.6435993150432,19.369863971555958,24.78869137726624
1,42.52201521866809,Esther Lyons,,24.887263176616955,5.0,76.6435993150432,19.369863971555958,24.78869137726624
2,3.838745784384945,Esther Lyons,,15.833437431313413,5.0,76.6435993150432,19.369863971555958,24.78869137726624
3,141.82843212368937,Esther Lyons,,5.4294218436202,5.0,76.6435993150432,19.369863971555958,24.78869137726624
4,100.93003982488072,Esther Lyons,,-0.38060854486669826,5.0,76.6435993150432,19.369863971555958,24.78869137726624
5,28.618148272792276,Esther Lyons,,70.07193759212318,5.0,76.6435993150432,19.369863971555958,24.78869137726624
6,88.35491271200128,Esther Lyons,,-2.6204558195829932,5.0,76.6435993150432,19.369863971555958,24.78869137726624
7,117.48187965710694,Esther Lyons,,3.0090261800442066,5.0,76.6435993150432,19.369863971555958,24.78869137726624
8,123.8854664006068,Esther Lyons,,-2.2615890434801056,5.0,76.6435993150432,19.369863971555958,24.78869137726624
9,24.042570034639986,Esther Lyons,,81.46010314713992,5.0,76.6435993150432,19.369863971555958,24.78869137726624
10,49.439436129633485,Esther Lyons,,10.572303596520888,5.0,76.6435993150432,19.369863971555958,24.78869137726624
11,10.786230635896999,Esther Lyons,,26.913045655152935,5.0,76.6435993150432,19.369863971555958,24.78869137726624
12,141.04955862111868,Esther Lyons,,-1.4486832784285615,5.0,76.6435993150432,19.369863971555958,24.78869137726624
13,130.44369524188613,Esther Lyons,,3.8178697168905513,5.0,76.6435993150432,19.369863971555958,24.78869137726624
14,19.745492961820037,Esther Lyons,,59.42628595400849,5.0,76.6435993150432,19.369863971555958,24.78869137726624
15,74.93441161898056,Esther Lyons,,-5.483458432966552,5.0,76.6435993150432,19.369863971555958,24.78869137726624
16,117.39007163159127,Esther Lyons,,2.841563863744475,5.0,76.6435993150432,19.369863971555958,24.78869137726624
17,21.297374295899875,Esther Lyons,,58.55580554316792,5.0,76.6435993150432,19.369863971555958,24.78869137726624
18,57.727086388635826,Esther Lyons,,2.2479947251849848,5.0,76.6435993150432,19.369863971555958,24.78869137726624
19,51.853821480729465,Esther Lyons,,0.3503363107804027,5.0,76.6435993150432,19.369863971555958,24.78869137726624
20,138.3544677698939,Esther Lyons,,-1.850220995882582,5.0,76.6435993150432,19.369863971555958,24.78869137726624
21,136.4924760742663,Esther Lyons,,-1.3848704551098232,5.0,76.6435993150432,19.369863971555958,24.78869137726624
22,136.05513977978248,Esther Lyons,,7.063528146249678,5.0,76.6435993150432,19.369863971555958,24.78869137726624
23,133.94099868100722,Esther Lyons,,3.00718182510392,5.0,76.6435993150432,19.369863971555958,24.78869137726624
24,67.66334801861937,Esther Lyons,,6.810564535449968,5.0,76.6435993150432,19.369863971555958,24.78869137726624
25,149.06245716827408,Esther Lyons,,-1.055901283420773,5.0,76.6435993150432,19.369863971555958,24.78869137726624
26,12.64107478194137,Esther Lyons,,36.711604803868944,5.0,76.6435993150432,19.369863971555958,24.78869137726624
27,69.30813852678877,Esther Lyons,,-6.960536759213833,5.0,76.6435993150432,19.369863971555958,24.78869137726624
28,91.72485740947344,Esther Lyons,,-1.1673271532744784,5.0,76.6435993150432,19.369863971555958,24.78869137726624
29,139.18915225496227,Esther Lyons,,-3.0169667079579723,5.0,76.6435993150432,19.369863971555958,24.78869137726624
0,98.06980685888936,Chester Linderman,,-5.702363522041671,5.0,32.321699928532894,18.12013270451163,25.176850721078864
1,41.025980152839985,Chester Linderman,,16.881116270346183,5.0,32.321699928532894,18.12013270451163,25.176850721078864
2,78.46891175250514,Chester Linderman,,-5.844273837155966,5.0,32.321699928532894,18.12013270451163,25.176850721078864
3,55.98746131489151,Chester Linderman,,5.711589664953875,5.0,32.321699928532894,18.12013270451163,25.176850721078864
4,55.39178903598548,Chester Linderman,,-2.7548965223624218,5.0,32.321699928532894,18.12013270451163,25.176850721078864
5,110.2040402114256,Chester Linderman,,-3.960185340318807,5.0,32.321699928532894,18.12013270451163,25.176850721078864
6,97.2958313467949,Chester Linderman,,0.7714591439194619,5.0,32.321699928532894,18.12013270451163,25.176850721078864
7,138.8695101268232,Chester Linderman,,-4.325810201165491,5.0,32.321699928532894,18.12013270451163,25.176850721078864
8,34.072221525735166,Chester Linderman,,15.311611722148232,5.0,32.321699928532894,18.12013270451163,25.176850721078864
9,60.83291305605937,Chester Linderman,,7.188524065864975,5.0,32.321699928532894,18.12013270451163,25.176850721078864
10,132.5521110601149,Chester Linderman,,1.6669886125963134,5.0,32.321699928532894,18.12013270451163,25.176850721078864
11,31.335167333278697,Chester Linderman,,22.41961881631676,5.0,32.321699928532894,18.12013270451163,25.176850721078864
12,32.06808939861918,Chester Linderman,,25.92266754907584,5.0,32.321699928532894,18.12013270451163,25.176850721078864
13,42.51605270665283,Chester Linderman,,14.465707740359214,5.0,32.321699928532894,18.12013270451163,25.176850721078864
14,67.96932585222883,Chester Linderman,,6.120973538026131,5.0,32.321699928532894,18.12013270451163,25.176850721078864
15,50.635708027622535,Chester Linderman,,0.8297087908773446,5.0,32.321699928532894,18.12013270451163,25.176850721078864
16,1.7605897204189036,Chester Linderman,,9.57162444197273,5.0,32.321699928532894,18.12013270451163,25.176850721078864
17,59.542030928543774,Chester Linderman,,7.471856751266205,5.0,32.321699928532894,18.12013270451163,25.176850721078864
18,103.37134652292863,Chester Linderman,,10.04984908724995,5.0,32.321699928532894,18.12013270451163,25.176850721078864
19,125.28049588268972,Chester Linderman,,2.6448204199282164,5.0,32.321699928532894,18.12013270451163,25.176850721078864
20,47.36827283988643,Chester Linderman,,7.073961018385807,5.0,32.321699928532894,18.12013270451163,25.176850721078864
21,107.87836659689829,Chester Linderman,,-1.952935456948543,5.0,32.321699928532894,18.12013270451163,25.176850721078864
22,75.74847845257038,Chester Linderman,,2.5433078651790444,5.0,32.321699928532894,18.12013270451163,25.176850721078864
23,55.123829941084686,Chester Linderman,,7.786661561570892,5.0,32.321699928532894,18.12013270451163,25.176850721078864
24,27.444127572064463,Chester Linderman,,28.733176987245624,5.0,32.321699928532894,18.12013270451163,25.176850721078864
25,80.49887412184675,Chester Linderman,,-4.02141815503894,5.0,32.321699928532894,18.12013270451163,25.176850721078864
26,4.741497338753681,Chester Linderman,,8.736836844037777,5.0,32.321699928532894,18.12013270451163,25.176850721078864
27,89.78882132348716,Chester Linderman,,-2.7507489435778396,5.0,32.321699928532894,18.12013270451163,25.176850721078864
28,116.4142408683054,Chester Linderman,,-10.763714638019147,5.0,32.321699928532894,18.12013270451163,25.176850721078864
29,33.55867942594389,Chester Linderman,,20.199276186006237,5.0,32.321699928532894,18.12013270451163,25.176850721078864
0,73.03775016807393,Brittany Croom,,-4.194441262297313,5.0,97.93372168249921,9.939000956524751,26.278818712305416
1,60.840696366153786,Brittany Croom,,6.757529906544476,5.0,97.93372168249921,9.939000956524751,26.278818712305416
2,40.33243154378508,Brittany Croom,,-2.6765840515959347,5.0,97.93372168249921,9.939000956524751,26.278818712305416
3,136.23837204559305,Brittany Croom,,-2.2636061424448424,5.0,97.93372168249921,9.939000956524751,26.278818712305416
4,133.13720166658447,Brittany Croom,,-0.4273812337810202,5.0,97.93372168249921,9.939000956524751,26.278818712305416
5,1.1790116564085351,Brittany Croom,,-1.4902262939748763,5.0,97.93372168249921,9.939000956524751,26.278818712305416
6,69.61810517368299,Brittany Croom,,0.9551732733393652,5.0,97.93372168249921,9.939000956524751,26.278818712305416
7,110.90592637653998,Brittany Croom,,1.7581269679774758,5.0,97.93372168249921,9.939000956524751,26.278818712305416
8,25.663616015028527,Brittany Croom,,92.52610322076578,5.0,97.93372168249921,9.939000956524751,26.278818712305416
9,91.12352125331068,Brittany Croom,,-3.7272709836911653,5.0,97.93372168249921,9.939000956524751,26.278818712305416
10,67.84902188745596,Brittany Croom,,-1.2480489395958716,5.0,97.93372168249921,9.939000956524751,26.278818712305416
11,47.27677759349762,Brittany Croom,,1.4468012898449527,5.0,97.93372168249921,9.939000956524751,26.278818712305416
12,91.27338646894937,Brittany Croom,,8.8531087982134,5.0,97.93372168249921,9.939000956524751,26.278818712305416
13,27.75796395181449,Brittany Croom,,82.29218019936214,5.0,97.93372168249921,9.939000956524751,26.278818712305416
14,53.774309999034294,Brittany Croom,,5.371732992466669,5.0,97.93372168249921,9.939000956524751,26.278818712305416
15,63.678031052137676,Brittany Croom,,2.4670896895495966,5.0,97.93372168249921,9.939000956524751,26.278818712305416
16,107.65844388107038,Brittany Croom,,4.65330204359748,5.0,97.93372168249921,9.939000956524751,26.278818712305416
17,90.51020367113006,Brittany Croom,,-9.997361644630507,5.0,97.93372168249921,9.939000956524751,26.278818712305416
18,36.159478887091005,Brittany Croom,,17.581865793512048,5.0,97.93372168249921,9.939000956524751,26.278818712305416
19,128.52156468181917,Brittany Croom,,-5.18922332130763,5.0,97.93372168249921,9.939000956524751,26.278818712305416
20,60.577096808354504,Brittany Croom,,4.899432535464781,5.0,97.93372168249921,9.939000956524751,26.278818712305416
21,22.455764953113245,Brittany Croom,,61.02676845582514,5.0,97.93372168249921,9.939000956524751,26.278818712305416
22,130.8136861240257,Brittany Croom,,-1.603753836256946,5.0,97.93372168249921,9.939000956524751,26.278818712305416
23,107.72928366756796,Brittany Croom,,7.80333190583977,5.0,97.93372168249921,9.939000956524751,26.278818712305416
24,22.121368165658296,Brittany Croom,,65.38188521494332,5.0,97.93372168249921,9.939000956524751,26.278818712305416
25,24.002897068129265,Brittany Croom,,76.5202423269612,5.0,97.93372168249921,9.939000956524751,26.278818712305416
26,139.79841185756635,Brittany Croom,,2.1564079216332304,5.0,97.93372168249921,9.939000956524751,26.278818712305416
27,114.6328877752488,Brittany Croom,,1.9612126193647703,5.0,97.93372168249921,9.939000956524751,26.278818712305416
28,108.68186211604596,Brittany Croom,,2.34194344119198,5.0,97.93372168249921,9.939000956524751,26.278818712305416
29,88.66154271189822,Brittany Croom,,-2.636215321307507,5.0,97.93372168249921,9.939000956524751,26.278818712305416
